narration_id,participant_id,video_id,clip_path,verb,verb_class,noun,noun_class,start_timestamp,stop_timestamp
P01_01_0,P01,P01_01,train_clips/P01_01_0.mp4,open,3,door,3,00:00:00.14,00:00:03.37
P01_01_1,P01,P01_01,train_clips/P01_01_1.mp4,turn-on,6,light,114,00:00:04.37,00:00:06.17
P01_01_10,P01,P01_01,train_clips/P01_01_10.mp4,open,3,drawer,8,00:00:24.97,00:00:26.20
P01_01_100,P01,P01_01,train_clips/P01_01_100.mp4,take,0,cup,13,00:07:59.75,00:08:00.88
P01_01_101,P01,P01_01,train_clips/P01_01_101.mp4,open,3,cupboard,3,00:08:01.47,00:08:02.21
P01_01_102,P01,P01_01,train_clips/P01_01_102.mp4,put-into,5,cup,13,00:08:02.13,00:08:03.00
P01_01_103,P01,P01_01,train_clips/P01_01_103.mp4,take,0,container,21,00:08:05.22,00:08:07.21
P01_01_104,P01,P01_01,train_clips/P01_01_104.mp4,put-on,1,container,21,00:08:08.38,00:08:09.12
P01_01_105,P01,P01_01,train_clips/P01_01_105.mp4,open,3,container,21,00:08:12.00,00:08:12.74
P01_01_106,P01,P01_01,train_clips/P01_01_106.mp4,put-inside,5,container,21,00:08:13.22,00:08:14.37
P01_01_107,P01,P01_01,train_clips/P01_01_107.mp4,close,4,lid,6,00:08:15.80,00:08:16.99
P01_01_108,P01,P01_01,train_clips/P01_01_108.mp4,put-in,5,container,21,00:08:19.64,00:08:20.60
P01_01_109,P01,P01_01,train_clips/P01_01_109.mp4,take,0,plate,2,00:08:22.35,00:08:23.31
P01_01_11,P01,P01_01,train_clips/P01_01_11.mp4,close,4,fridge,12,00:00:29.22,00:00:31.32
P01_01_110,P01,P01_01,train_clips/P01_01_110.mp4,put-down,1,plate,2,00:08:24.66,00:08:27.92
P01_01_111,P01,P01_01,train_clips/P01_01_111.mp4,open,3,drawer,8,00:08:28.16,00:08:29.94
P01_01_112,P01,P01_01,train_clips/P01_01_112.mp4,take,0,drawer,8,00:08:29.29,00:08:31.54
P01_01_113,P01,P01_01,train_clips/P01_01_113.mp4,put-down,1,drawer,8,00:08:32.66,00:08:34.43
P01_01_114,P01,P01_01,train_clips/P01_01_114.mp4,open,3,drawer,8,00:08:36.81,00:08:38.05
P01_01_115,P01,P01_01,train_clips/P01_01_115.mp4,take,0,fork,14,00:08:37.88,00:08:39.13
P01_01_116,P01,P01_01,train_clips/P01_01_116.mp4,put-down,1,fork,14,00:08:39.34,00:08:40.25
P01_01_117,P01,P01_01,train_clips/P01_01_117.mp4,take,0,spatula,20,00:08:41.19,00:08:42.08
P01_01_118,P01,P01_01,train_clips/P01_01_118.mp4,stir,10,vegetable,94,00:08:41.92,00:08:48.56
P01_01_12,P01,P01_01,train_clips/P01_01_12.mp4,put-down,1,vegetable,94,00:00:36.68,00:00:37.78
P01_01_120,P01,P01_01,train_clips/P01_01_120.mp4,take,0,container,21,00:09:02.04,00:09:02.98
P01_01_121,P01,P01_01,train_clips/P01_01_121.mp4,open,3,fridge,12,00:09:06.39,00:09:07.42
P01_01_122,P01,P01_01,train_clips/P01_01_122.mp4,put-into,5,container,21,00:09:07.40,00:09:09.01
P01_01_123,P01,P01_01,train_clips/P01_01_123.mp4,close,4,fridge,12,00:09:09.28,00:09:10.03
P01_01_124,P01,P01_01,train_clips/P01_01_124.mp4,take,0,spatula,20,00:09:13.41,00:09:14.49
P01_01_125,P01,P01_01,train_clips/P01_01_125.mp4,stir,10,vegetable,94,00:09:14.66,00:09:18.50
P01_01_126,P01,P01_01,train_clips/P01_01_126.mp4,take,0,grater,96,00:09:21.12,00:09:22.32
P01_01_127,P01,P01_01,train_clips/P01_01_127.mp4,take,0,grater,96,00:09:21.12,00:09:22.52
P01_01_128,P01,P01_01,train_clips/P01_01_128.mp4,take,0,carrot,41,00:09:22.08,00:09:22.81
P01_01_129,P01,P01_01,train_clips/P01_01_129.mp4,cut,7,carrot,41,00:09:24.25,00:09:28.84
P01_01_13,P01,P01_01,train_clips/P01_01_13.mp4,open,3,cupboard,3,00:00:41.79,00:00:42.55
P01_01_130,P01,P01_01,train_clips/P01_01_130.mp4,drop,59,grater,96,00:09:29.18,00:09:31.02
P01_01_131,P01,P01_01,train_clips/P01_01_131.mp4,grate,77,carrot,41,00:09:34.42,00:09:46.92
P01_01_132,P01,P01_01,train_clips/P01_01_132.mp4,grate,77,carrot,41,00:09:47.02,00:09:55.58
P01_01_133,P01,P01_01,train_clips/P01_01_133.mp4,grate,77,carrot,41,00:09:50.29,00:10:00.72
P01_01_134,P01,P01_01,train_clips/P01_01_134.mp4,grate,77,carrot,41,00:10:02.19,00:10:38.99
P01_01_135,P01,P01_01,train_clips/P01_01_135.mp4,put-down,1,grater,96,00:10:39.51,00:10:40.27
P01_01_136,P01,P01_01,train_clips/P01_01_136.mp4,throw-into,13,carrot,41,00:10:41.81,00:10:42.83
P01_01_137,P01,P01_01,train_clips/P01_01_137.mp4,take,0,grater,96,00:10:44.49,00:10:45.33
P01_01_138,P01,P01_01,train_clips/P01_01_138.mp4,put-down,1,grater,96,00:10:49.68,00:10:50.77
P01_01_139,P01,P01_01,train_clips/P01_01_139.mp4,throw-into,13,carrot,41,00:10:52.77,00:10:53.83
P01_01_14,P01,P01_01,train_clips/P01_01_14.mp4,take,0,board:cutting,18,00:00:43.20,00:00:46.64
P01_01_140,P01,P01_01,train_clips/P01_01_140.mp4,take,0,spatula,20,00:10:54.75,00:10:55.75
P01_01_141,P01,P01_01,train_clips/P01_01_141.mp4,stir,10,vegetable,94,00:10:55.73,00:11:00.95
P01_01_142,P01,P01_01,train_clips/P01_01_142.mp4,open,3,cupboard,3,00:11:02.55,00:11:03.55
P01_01_143,P01,P01_01,train_clips/P01_01_143.mp4,take,0,saucepan,5,00:11:03.55,00:11:05.30
P01_01_144,P01,P01_01,train_clips/P01_01_144.mp4,put-down,1,saucepan,5,00:11:07.31,00:11:14.16
P01_01_145,P01,P01_01,train_clips/P01_01_145.mp4,turn,23,hob,24,00:11:15.00,00:11:16.99
P01_01_146,P01,P01_01,train_clips/P01_01_146.mp4,take,0,kettle,44,00:11:19.51,00:11:22.29
P01_01_147,P01,P01_01,train_clips/P01_01_147.mp4,pour-into,9,water,27,00:11:23.41,00:11:37.36
P01_01_148,P01,P01_01,train_clips/P01_01_148.mp4,see,38,water:boiling,27,00:11:26.55,00:11:31.55
P01_01_149,P01,P01_01,train_clips/P01_01_149.mp4,put-down,1,kettle,44,00:11:39.07,00:11:41.91
P01_01_15,P01,P01_01,train_clips/P01_01_15.mp4,put-down,1,board:cutting,18,00:00:46.45,00:00:47.81
P01_01_150,P01,P01_01,train_clips/P01_01_150.mp4,take,0,oil:olive,31,00:11:43.86,00:11:45.41
P01_01_151,P01,P01_01,train_clips/P01_01_151.mp4,pour,9,oil,31,00:11:47.88,00:11:53.08
P01_01_152,P01,P01_01,train_clips/P01_01_152.mp4,close,4,oil,31,00:11:53.14,00:11:56.39
P01_01_153,P01,P01_01,train_clips/P01_01_153.mp4,put-down,1,oil,31,00:11:56.49,00:11:57.82
P01_01_154,P01,P01_01,train_clips/P01_01_154.mp4,take,0,spatula,20,00:11:57.92,00:11:58.80
P01_01_155,P01,P01_01,train_clips/P01_01_155.mp4,take,0,board:cutting,18,00:11:59.03,00:12:00.04
P01_01_156,P01,P01_01,train_clips/P01_01_156.mp4,pour,9,onion,16,00:12:00.45,00:12:02.38
P01_01_157,P01,P01_01,train_clips/P01_01_157.mp4,put-down,1,board:cutting,18,00:12:02.45,00:12:03.55
P01_01_158,P01,P01_01,train_clips/P01_01_158.mp4,stir,10,vegetable,94,00:12:03.70,00:12:11.48
P01_01_159,P01,P01_01,train_clips/P01_01_159.mp4,stir,10,vegetable,94,00:12:10.37,00:12:30.08
P01_01_16,P01,P01_01,train_clips/P01_01_16.mp4,close,4,cupboard,3,00:00:47.75,00:00:48.76
P01_01_160,P01,P01_01,train_clips/P01_01_160.mp4,take,0,salt,38,00:12:30.39,00:12:31.52
P01_01_161,P01,P01_01,train_clips/P01_01_161.mp4,open,3,salt,38,00:12:31.62,00:12:33.15
P01_01_162,P01,P01_01,train_clips/P01_01_162.mp4,put-down,1,salt,38,00:12:32.75,00:12:34.00
P01_01_163,P01,P01_01,train_clips/P01_01_163.mp4,open,3,drawer,8,00:12:33.09,00:12:34.49
P01_01_164,P01,P01_01,train_clips/P01_01_164.mp4,take,0,spoon,1,00:12:34.95,00:12:36.70
P01_01_165,P01,P01_01,train_clips/P01_01_165.mp4,pour-onto,9,salt,38,00:12:37.80,00:12:41.59
P01_01_166,P01,P01_01,train_clips/P01_01_166.mp4,pour-into,9,salt,38,00:12:42.15,00:12:43.65
P01_01_167,P01,P01_01,train_clips/P01_01_167.mp4,stir,10,water,27,00:12:42.73,00:12:44.37
P01_01_168,P01,P01_01,train_clips/P01_01_168.mp4,close,4,salt,38,00:12:44.91,00:12:45.76
P01_01_169,P01,P01_01,train_clips/P01_01_169.mp4,put-down,1,spoon,1,00:12:46.10,00:12:46.78
P01_01_17,P01,P01_01,train_clips/P01_01_17.mp4,open,3,drawer,8,00:00:51.66,00:00:53.00
P01_01_170,P01,P01_01,train_clips/P01_01_170.mp4,put-down,1,salt,38,00:12:47.50,00:12:49.40
P01_01_171,P01,P01_01,train_clips/P01_01_171.mp4,take,0,spatula,20,00:12:49.54,00:12:50.27
P01_01_172,P01,P01_01,train_clips/P01_01_172.mp4,stir,10,vegetable,94,00:12:50.26,00:12:51.32
P01_01_173,P01,P01_01,train_clips/P01_01_173.mp4,adjust,17,hob,24,00:12:51.40,00:12:52.66
P01_01_174,P01,P01_01,train_clips/P01_01_174.mp4,stir,10,vegetable,94,00:12:54.72,00:13:28.26
P01_01_175,P01,P01_01,train_clips/P01_01_175.mp4,stir,10,vegetable,94,00:12:55.67,00:13:01.63
P01_01_176,P01,P01_01,train_clips/P01_01_176.mp4,stir,10,vegetable,94,00:13:09.33,00:13:39.66
P01_01_177,P01,P01_01,train_clips/P01_01_177.mp4,put-down,1,spatula,20,00:13:39.54,00:13:40.87
P01_01_178,P01,P01_01,train_clips/P01_01_178.mp4,open,3,cupboard,3,00:13:41.22,00:13:42.41
P01_01_179,P01,P01_01,train_clips/P01_01_179.mp4,take,0,cupboard,3,00:13:42.41,00:13:45.17
P01_01_18,P01,P01_01,train_clips/P01_01_18.mp4,take,0,knife,4,00:00:53.50,00:00:56.00
P01_01_180,P01,P01_01,train_clips/P01_01_180.mp4,put-down,1,knife,4,00:13:44.28,00:13:45.77
P01_01_181,P01,P01_01,train_clips/P01_01_181.mp4,take,0,rice,55,00:13:46.91,00:13:48.61
P01_01_182,P01,P01_01,train_clips/P01_01_182.mp4,open,3,rice,55,00:13:49.23,00:13:55.31
P01_01_183,P01,P01_01,train_clips/P01_01_183.mp4,put-down,1,rice,55,00:13:59.14,00:14:00.44
P01_01_184,P01,P01_01,train_clips/P01_01_184.mp4,take,0,spatula,20,00:14:00.71,00:14:01.64
P01_01_185,P01,P01_01,train_clips/P01_01_185.mp4,stir,10,vegetable,94,00:14:01.74,00:14:07.27
P01_01_186,P01,P01_01,train_clips/P01_01_186.mp4,stir,10,vegetable,94,00:14:07.37,00:14:24.11
P01_01_187,P01,P01_01,train_clips/P01_01_187.mp4,put-down,1,spatula,20,00:14:24.26,00:14:25.31
P01_01_188,P01,P01_01,train_clips/P01_01_188.mp4,take,0,tofu,81,00:14:26.00,00:14:27.27
P01_01_189,P01,P01_01,train_clips/P01_01_189.mp4,take,0,knife,4,00:14:29.59,00:14:31.03
P01_01_19,P01,P01_01,train_clips/P01_01_19.mp4,take,0,knife,4,00:00:53.55,00:00:54.36
P01_01_190,P01,P01_01,train_clips/P01_01_190.mp4,cut,7,tofu,81,00:14:30.88,00:14:35.11
P01_01_191,P01,P01_01,train_clips/P01_01_191.mp4,open,3,container:tofu,21,00:14:35.48,00:14:45.08
P01_01_192,P01,P01_01,train_clips/P01_01_192.mp4,pour-onto,9,tofu,81,00:14:45.93,00:14:49.17
P01_01_193,P01,P01_01,train_clips/P01_01_193.mp4,put-down,1,container:tofu,21,00:14:49.53,00:14:50.92
P01_01_194,P01,P01_01,train_clips/P01_01_194.mp4,stir,10,vegetable,94,00:14:50.88,00:15:04.28
P01_01_195,P01,P01_01,train_clips/P01_01_195.mp4,put-down,1,spatula,20,00:15:04.17,00:15:05.18
P01_01_196,P01,P01_01,train_clips/P01_01_196.mp4,take,0,container:tofu,21,00:15:05.28,00:15:08.19
P01_01_197,P01,P01_01,train_clips/P01_01_197.mp4,throw-into,13,bin,36,00:15:09.33,00:15:11.48
P01_01_198,P01,P01_01,train_clips/P01_01_198.mp4,throw-into,13,bin,36,00:15:11.43,00:15:13.59
P01_01_199,P01,P01_01,train_clips/P01_01_199.mp4,throw-into,13,container:tupperware,23,00:15:17.61,00:15:18.43
P01_01_2,P01,P01_01,train_clips/P01_01_2.mp4,close,4,door,3,00:00:06.98,00:00:09.49
P01_01_20,P01,P01_01,train_clips/P01_01_20.mp4,put-down,1,knife,4,00:00:54.73,00:00:55.74
P01_01_200,P01,P01_01,train_clips/P01_01_200.mp4,take,0,spatula,20,00:15:21.64,00:15:22.39
P01_01_201,P01,P01_01,train_clips/P01_01_201.mp4,stir,10,vegetable,94,00:15:21.66,00:15:28.69
P01_01_202,P01,P01_01,train_clips/P01_01_202.mp4,take,0,rice,55,00:15:28.62,00:15:29.95
P01_01_203,P01,P01_01,train_clips/P01_01_203.mp4,pour-into,9,rice,55,00:15:31.78,00:15:37.61
P01_01_204,P01,P01_01,train_clips/P01_01_204.mp4,pour-into,9,rice,55,00:15:38.46,00:15:42.95
P01_01_205,P01,P01_01,train_clips/P01_01_205.mp4,fold,28,bag:rice,19,00:15:45.45,00:15:51.60
P01_01_206,P01,P01_01,train_clips/P01_01_206.mp4,close,4,bag:rice,19,00:15:51.70,00:15:53.04
P01_01_207,P01,P01_01,train_clips/P01_01_207.mp4,open,3,cupboard,3,00:15:53.95,00:15:55.00
P01_01_208,P01,P01_01,train_clips/P01_01_208.mp4,put-into,5,rice,55,00:15:55.05,00:15:56.87
P01_01_209,P01,P01_01,train_clips/P01_01_209.mp4,stir,10,vegetable,94,00:15:59.28,00:16:09.59
P01_01_21,P01,P01_01,train_clips/P01_01_21.mp4,close,4,drawer,8,00:00:56.10,00:00:56.60
P01_01_210,P01,P01_01,train_clips/P01_01_210.mp4,take,0,spatula,20,00:15:59.49,00:16:00.51
P01_01_211,P01,P01_01,train_clips/P01_01_211.mp4,take,0,bottle,15,00:16:10.43,00:16:11.15
P01_01_212,P01,P01_01,train_clips/P01_01_212.mp4,open,3,top,42,00:16:11.25,00:16:11.96
P01_01_213,P01,P01_01,train_clips/P01_01_213.mp4,pour-into,9,water,27,00:16:13.41,00:16:24.80
P01_01_214,P01,P01_01,train_clips/P01_01_214.mp4,close,4,top,42,00:16:23.64,00:16:25.68
P01_01_215,P01,P01_01,train_clips/P01_01_215.mp4,put-onto,1,bottle,15,00:16:26.43,00:16:28.16
P01_01_216,P01,P01_01,train_clips/P01_01_216.mp4,take,0,cutlery,58,00:16:29.60,00:16:33.60
P01_01_217,P01,P01_01,train_clips/P01_01_217.mp4,open,3,cupboard,3,00:16:34.54,00:16:37.07
P01_01_218,P01,P01_01,train_clips/P01_01_218.mp4,put-into,5,cutlery,58,00:16:37.17,00:16:47.93
P01_01_219,P01,P01_01,train_clips/P01_01_219.mp4,close,4,drawer,8,00:16:47.68,00:16:49.46
P01_01_22,P01,P01_01,train_clips/P01_01_22.mp4,put-down,1,knife,4,00:00:57.45,00:00:58.70
P01_01_220,P01,P01_01,train_clips/P01_01_220.mp4,take,0,spatula,20,00:16:49.94,00:16:50.89
P01_01_221,P01,P01_01,train_clips/P01_01_221.mp4,stir,10,vegetable,94,00:16:50.90,00:16:58.04
P01_01_222,P01,P01_01,train_clips/P01_01_222.mp4,adjust,17,hob,24,00:16:58.21,00:17:00.21
P01_01_223,P01,P01_01,train_clips/P01_01_223.mp4,stir,10,vegetable,94,00:17:00.56,00:17:05.06
P01_01_224,P01,P01_01,train_clips/P01_01_224.mp4,stir,10,rice,55,00:17:05.41,00:17:12.73
P01_01_225,P01,P01_01,train_clips/P01_01_225.mp4,put-down,1,spatula,20,00:17:13.60,00:17:14.56
P01_01_226,P01,P01_01,train_clips/P01_01_226.mp4,take,0,spoon,1,00:17:15.04,00:17:17.63
P01_01_227,P01,P01_01,train_clips/P01_01_227.mp4,take,0,glass,10,00:17:16.96,00:17:21.42
P01_01_228,P01,P01_01,train_clips/P01_01_228.mp4,put-down,1,glass,10,00:17:20.23,00:17:28.68
P01_01_229,P01,P01_01,train_clips/P01_01_229.mp4,put-down,1,glass,10,00:17:21.52,00:17:26.04
P01_01_23,P01,P01_01,train_clips/P01_01_23.mp4,turn-on,6,tap,0,00:00:59.05,00:01:02.30
P01_01_230,P01,P01_01,train_clips/P01_01_230.mp4,open,3,drawer,8,00:17:26.31,00:17:28.40
P01_01_231,P01,P01_01,train_clips/P01_01_231.mp4,take,0,spatula,20,00:17:31.67,00:17:32.77
P01_01_232,P01,P01_01,train_clips/P01_01_232.mp4,stir-into,10,vegetable,94,00:17:31.88,00:17:47.42
P01_01_233,P01,P01_01,train_clips/P01_01_233.mp4,put-down,1,spatula,20,00:17:46.54,00:17:47.60
P01_01_234,P01,P01_01,train_clips/P01_01_234.mp4,take,0,container,21,00:17:54.15,00:17:56.28
P01_01_235,P01,P01_01,train_clips/P01_01_235.mp4,open,3,container,21,00:17:55.38,00:17:56.71
P01_01_236,P01,P01_01,train_clips/P01_01_236.mp4,take-out,12,container,21,00:17:57.10,00:17:58.82
P01_01_237,P01,P01_01,train_clips/P01_01_237.mp4,close,4,container,21,00:17:59.03,00:18:03.58
P01_01_238,P01,P01_01,train_clips/P01_01_238.mp4,put,1,container,21,00:18:03.68,00:18:04.55
P01_01_239,P01,P01_01,train_clips/P01_01_239.mp4,take,0,spatula,20,00:18:06.44,00:18:07.95
P01_01_24,P01,P01_01,train_clips/P01_01_24.mp4,wash,2,courgette,76,00:01:01.86,00:01:05.23
P01_01_240,P01,P01_01,train_clips/P01_01_240.mp4,stir,10,rice,55,00:18:07.48,00:18:12.33
P01_01_241,P01,P01_01,train_clips/P01_01_241.mp4,stir,10,vegetable,94,00:18:14.25,00:18:23.39
P01_01_242,P01,P01_01,train_clips/P01_01_242.mp4,stir,10,vegetable,94,00:18:19.02,00:18:51.26
P01_01_243,P01,P01_01,train_clips/P01_01_243.mp4,put-down,1,spatula,20,00:18:51.93,00:18:53.76
P01_01_244,P01,P01_01,train_clips/P01_01_244.mp4,stir,10,vegetable,94,00:19:23.09,00:19:31.98
P01_01_245,P01,P01_01,train_clips/P01_01_245.mp4,stir,10,rice,55,00:19:32.15,00:19:38.40
P01_01_246,P01,P01_01,train_clips/P01_01_246.mp4,put-down,1,spatula,20,00:19:38.58,00:19:40.53
P01_01_247,P01,P01_01,train_clips/P01_01_247.mp4,wait-for,72,rice,55,00:19:43.09,00:20:11.97
P01_01_248,P01,P01_01,train_clips/P01_01_248.mp4,take,0,spatula,20,00:20:14.16,00:20:15.40
P01_01_249,P01,P01_01,train_clips/P01_01_249.mp4,put-down,1,spatula,20,00:20:15.19,00:20:25.84
P01_01_25,P01,P01_01,train_clips/P01_01_25.mp4,wash,2,courgette,76,00:01:05.20,00:01:13.13
P01_01_250,P01,P01_01,train_clips/P01_01_250.mp4,stir,10,vegetable,94,00:20:15.33,00:20:25.72
P01_01_251,P01,P01_01,train_clips/P01_01_251.mp4,take,0,spoon,1,00:20:25.60,00:20:26.60
P01_01_252,P01,P01_01,train_clips/P01_01_252.mp4,scoop,16,rice,55,00:20:27.73,00:20:30.68
P01_01_253,P01,P01_01,train_clips/P01_01_253.mp4,taste,35,rice,55,00:20:31.57,00:20:36.04
P01_01_254,P01,P01_01,train_clips/P01_01_254.mp4,put-down,1,spoon,1,00:20:36.14,00:20:38.93
P01_01_255,P01,P01_01,train_clips/P01_01_255.mp4,open,3,cupboard,3,00:20:47.89,00:20:49.76
P01_01_256,P01,P01_01,train_clips/P01_01_256.mp4,take,0,drainer,110,00:20:51.05,00:20:52.99
P01_01_257,P01,P01_01,train_clips/P01_01_257.mp4,take,0,glass,10,00:21:03.99,00:21:05.35
P01_01_258,P01,P01_01,train_clips/P01_01_258.mp4,pour-onto,9,water,27,00:21:05.00,00:21:10.37
P01_01_259,P01,P01_01,train_clips/P01_01_259.mp4,drink,60,water,27,00:21:10.93,00:21:16.66
P01_01_26,P01,P01_01,train_clips/P01_01_26.mp4,wash,2,carrot,41,00:01:14.29,00:01:18.89
P01_01_260,P01,P01_01,train_clips/P01_01_260.mp4,put-down,1,bottle,15,00:21:12.55,00:21:13.96
P01_01_261,P01,P01_01,train_clips/P01_01_261.mp4,put-down,1,glass,10,00:21:16.12,00:21:17.61
P01_01_262,P01,P01_01,train_clips/P01_01_262.mp4,take,0,spatula,20,00:21:20.72,00:21:21.54
P01_01_263,P01,P01_01,train_clips/P01_01_263.mp4,stir,10,vegetable,94,00:21:21.73,00:21:32.70
P01_01_264,P01,P01_01,train_clips/P01_01_264.mp4,stir,10,vegetable,94,00:21:29.56,00:21:36.27
P01_01_265,P01,P01_01,train_clips/P01_01_265.mp4,put-down,1,spatula,20,00:21:35.96,00:21:36.98
P01_01_266,P01,P01_01,train_clips/P01_01_266.mp4,take,0,spatula,20,00:21:44.50,00:21:45.45
P01_01_267,P01,P01_01,train_clips/P01_01_267.mp4,stir,10,rice,55,00:21:46.28,00:21:52.18
P01_01_268,P01,P01_01,train_clips/P01_01_268.mp4,put-down,1,spatula,20,00:21:51.47,00:21:54.03
P01_01_269,P01,P01_01,train_clips/P01_01_269.mp4,wait-for,72,rice,55,00:21:55.88,00:21:58.93
P01_01_27,P01,P01_01,train_clips/P01_01_27.mp4,wash,2,carrot,41,00:01:18.99,00:01:22.79
P01_01_270,P01,P01_01,train_clips/P01_01_270.mp4,wait-for,72,rice,55,00:22:20.37,00:22:33.51
P01_01_271,P01,P01_01,train_clips/P01_01_271.mp4,take,0,spoon,1,00:22:33.66,00:22:35.47
P01_01_272,P01,P01_01,train_clips/P01_01_272.mp4,scoop,16,rice,55,00:22:35.25,00:22:39.79
P01_01_273,P01,P01_01,train_clips/P01_01_273.mp4,taste,35,rice,55,00:22:39.78,00:22:45.40
P01_01_274,P01,P01_01,train_clips/P01_01_274.mp4,put-down,1,spoon,1,00:22:46.01,00:22:49.61
P01_01_275,P01,P01_01,train_clips/P01_01_275.mp4,turn-off,8,hob,24,00:22:49.72,00:22:53.80
P01_01_276,P01,P01_01,train_clips/P01_01_276.mp4,take,0,saucepan,5,00:23:12.79,00:23:15.13
P01_01_277,P01,P01_01,train_clips/P01_01_277.mp4,drain,37,saucepan,5,00:23:16.56,00:23:21.29
P01_01_278,P01,P01_01,train_clips/P01_01_278.mp4,drain,37,rice,55,00:23:21.98,00:23:28.80
P01_01_279,P01,P01_01,train_clips/P01_01_279.mp4,pour-onto,9,rice,55,00:23:29.67,00:23:33.10
P01_01_28,P01,P01_01,train_clips/P01_01_28.mp4,turn-off,8,tap,0,00:01:22.19,00:01:23.19
P01_01_280,P01,P01_01,train_clips/P01_01_280.mp4,put-on,1,drainer,110,00:23:33.00,00:23:34.00
P01_01_281,P01,P01_01,train_clips/P01_01_281.mp4,scoop,16,rice,55,00:23:34.71,00:23:44.23
P01_01_282,P01,P01_01,train_clips/P01_01_282.mp4,put-down,1,saucepan,5,00:23:44.20,00:23:45.98
P01_01_283,P01,P01_01,train_clips/P01_01_283.mp4,put-down,1,drainer,110,00:23:46.14,00:23:47.80
P01_01_284,P01,P01_01,train_clips/P01_01_284.mp4,put-down,1,spatula,20,00:23:48.37,00:23:49.19
P01_01_285,P01,P01_01,train_clips/P01_01_285.mp4,take,0,spatula,20,00:23:49.49,00:23:50.24
P01_01_286,P01,P01_01,train_clips/P01_01_286.mp4,stir,10,rice:vegetable,55,00:23:50.72,00:23:56.34
P01_01_287,P01,P01_01,train_clips/P01_01_287.mp4,put-down,1,spatula,20,00:23:56.35,00:23:57.03
P01_01_288,P01,P01_01,train_clips/P01_01_288.mp4,pour,9,powder:curry,138,00:23:56.96,00:24:03.62
P01_01_289,P01,P01_01,train_clips/P01_01_289.mp4,take,0,powder:curry,138,00:23:57.14,00:23:57.82
P01_01_29,P01,P01_01,train_clips/P01_01_29.mp4,put-down,1,vegetable,94,00:01:25.49,00:01:26.49
P01_01_290,P01,P01_01,train_clips/P01_01_290.mp4,open,3,powder:curry,138,00:23:58.23,00:23:59.16
P01_01_291,P01,P01_01,train_clips/P01_01_291.mp4,put-down,1,powder:curry,138,00:24:02.96,00:24:04.06
P01_01_292,P01,P01_01,train_clips/P01_01_292.mp4,take,0,spatula,20,00:24:03.85,00:24:04.93
P01_01_293,P01,P01_01,train_clips/P01_01_293.mp4,stir,10,rice,55,00:24:04.87,00:24:17.00
P01_01_294,P01,P01_01,train_clips/P01_01_294.mp4,stir,10,rice,55,00:24:15.34,00:24:22.60
P01_01_295,P01,P01_01,train_clips/P01_01_295.mp4,stir,10,rice,55,00:24:22.70,00:24:29.94
P01_01_296,P01,P01_01,train_clips/P01_01_296.mp4,stir,10,rice,55,00:24:30.04,00:25:05.28
P01_01_297,P01,P01_01,train_clips/P01_01_297.mp4,turn-off,8,hob,24,00:25:04.53,00:25:07.43
P01_01_298,P01,P01_01,train_clips/P01_01_298.mp4,stir,10,rice,55,00:25:08.06,00:25:18.08
P01_01_299,P01,P01_01,train_clips/P01_01_299.mp4,stir,10,rice,55,00:25:18.18,00:25:26.20
P01_01_3,P01,P01_01,train_clips/P01_01_3.mp4,open,3,fridge,12,00:00:12.77,00:00:13.99
P01_01_30,P01,P01_01,train_clips/P01_01_30.mp4,open,3,cupboard,3,00:01:27.43,00:01:28.29
P01_01_300,P01,P01_01,train_clips/P01_01_300.mp4,stir,10,rice,55,00:25:24.00,00:25:48.50
P01_01_301,P01,P01_01,train_clips/P01_01_301.mp4,put-down,1,spatula,20,00:25:48.75,00:25:49.85
P01_01_302,P01,P01_01,train_clips/P01_01_302.mp4,close,4,powder:curry,138,00:25:50.10,00:25:54.13
P01_01_303,P01,P01_01,train_clips/P01_01_303.mp4,put-down,1,powder:curry,138,00:25:54.44,00:25:55.19
P01_01_304,P01,P01_01,train_clips/P01_01_304.mp4,take,0,container,21,00:25:55.54,00:25:56.79
P01_01_305,P01,P01_01,train_clips/P01_01_305.mp4,take,0,spatula,20,00:25:56.82,00:25:58.67
P01_01_306,P01,P01_01,train_clips/P01_01_306.mp4,pour-into,9,rice,55,00:25:57.62,00:26:02.98
P01_01_307,P01,P01_01,train_clips/P01_01_307.mp4,pour-into,9,rice,55,00:26:00.82,00:26:13.78
P01_01_308,P01,P01_01,train_clips/P01_01_308.mp4,scoop,16,rice,55,00:26:02.53,00:26:04.28
P01_01_309,P01,P01_01,train_clips/P01_01_309.mp4,pour-into,9,rice,55,00:26:04.38,00:26:06.13
P01_01_31,P01,P01_01,train_clips/P01_01_31.mp4,take,0,grater,96,00:01:32.53,00:01:34.09
P01_01_310,P01,P01_01,train_clips/P01_01_310.mp4,scoop,16,rice,55,00:26:06.48,00:26:08.48
P01_01_311,P01,P01_01,train_clips/P01_01_311.mp4,put-down,1,container,21,00:26:13.89,00:26:14.66
P01_01_312,P01,P01_01,train_clips/P01_01_312.mp4,put-down,1,spatula,20,00:26:14.19,00:26:15.30
P01_01_313,P01,P01_01,train_clips/P01_01_313.mp4,take,0,plate,2,00:26:15.37,00:26:17.29
P01_01_314,P01,P01_01,train_clips/P01_01_314.mp4,put-down,1,plate,2,00:26:17.78,00:26:19.15
P01_01_315,P01,P01_01,train_clips/P01_01_315.mp4,take,0,spatula,20,00:26:19.22,00:26:20.16
P01_01_316,P01,P01_01,train_clips/P01_01_316.mp4,pour-onto,9,rice,55,00:26:20.10,00:26:32.56
P01_01_317,P01,P01_01,train_clips/P01_01_317.mp4,scoop,16,rice,55,00:26:33.88,00:26:39.85
P01_01_318,P01,P01_01,train_clips/P01_01_318.mp4,scoop,16,rice,55,00:26:40.67,00:26:46.04
P01_01_319,P01,P01_01,train_clips/P01_01_319.mp4,pour-into,9,rice,55,00:26:46.11,00:26:58.12
P01_01_32,P01,P01_01,train_clips/P01_01_32.mp4,take,0,pan,5,00:01:35.28,00:01:39.56
P01_01_320,P01,P01_01,train_clips/P01_01_320.mp4,scoop,16,rice,55,00:26:46.24,00:26:58.73
P01_01_321,P01,P01_01,train_clips/P01_01_321.mp4,put-down,1,spatula,20,00:26:58.16,00:27:00.51
P01_01_322,P01,P01_01,train_clips/P01_01_322.mp4,put-down,1,pan,5,00:27:00.99,00:27:03.13
P01_01_323,P01,P01_01,train_clips/P01_01_323.mp4,turn-on,6,tap,0,00:27:05.28,00:27:06.96
P01_01_324,P01,P01_01,train_clips/P01_01_324.mp4,wash,2,pan,5,00:27:07.07,00:27:09.70
P01_01_325,P01,P01_01,train_clips/P01_01_325.mp4,wash,2,saucepan,5,00:27:10.12,00:27:13.57
P01_01_326,P01,P01_01,train_clips/P01_01_326.mp4,wash,2,drainer,110,00:27:13.69,00:27:15.21
P01_01_327,P01,P01_01,train_clips/P01_01_327.mp4,turn-off,8,tap,0,00:27:14.97,00:27:16.13
P01_01_328,P01,P01_01,train_clips/P01_01_328.mp4,take,0,plate,2,00:27:17.63,00:27:19.73
P01_01_329,P01,P01_01,train_clips/P01_01_329.mp4,put-down,1,plate,2,00:27:20.40,00:27:21.69
P01_01_33,P01,P01_01,train_clips/P01_01_33.mp4,put-down,1,pan,5,00:01:40.74,00:01:42.26
P01_01_34,P01,P01_01,train_clips/P01_01_34.mp4,close,4,cupboard,3,00:01:41.66,00:01:42.41
P01_01_35,P01,P01_01,train_clips/P01_01_35.mp4,close,4,cupboard,3,00:01:43.02,00:01:43.77
P01_01_36,P01,P01_01,train_clips/P01_01_36.mp4,take,0,courgette,76,00:01:44.10,00:01:45.22
P01_01_37,P01,P01_01,train_clips/P01_01_37.mp4,cut,7,courgette,76,00:01:45.69,00:02:02.03
P01_01_38,P01,P01_01,train_clips/P01_01_38.mp4,turn-on,6,hob,24,00:02:02.13,00:02:06.98
P01_01_39,P01,P01_01,train_clips/P01_01_39.mp4,cut,7,courgette,76,00:02:07.80,00:02:24.89
P01_01_4,P01,P01_01,train_clips/P01_01_4.mp4,take,0,celery,223,00:00:15.25,00:00:16.40
P01_01_40,P01,P01_01,train_clips/P01_01_40.mp4,cut,7,courgette,76,00:02:10.99,00:02:25.79
P01_01_41,P01,P01_01,train_clips/P01_01_41.mp4,dice,7,courgette,76,00:02:30.53,00:02:45.65
P01_01_42,P01,P01_01,train_clips/P01_01_42.mp4,dice,7,courgette,76,00:02:45.75,00:03:00.28
P01_01_43,P01,P01_01,train_clips/P01_01_43.mp4,dice,7,courgette,76,00:03:00.38,00:03:13.90
P01_01_44,P01,P01_01,train_clips/P01_01_44.mp4,dice,7,courgette,76,00:03:59.04,00:04:08.81
P01_01_45,P01,P01_01,train_clips/P01_01_45.mp4,pour-onto,9,courgette,76,00:04:10.05,00:04:17.87
P01_01_46,P01,P01_01,train_clips/P01_01_46.mp4,throw-into,13,courgette,76,00:04:21.69,00:04:24.65
P01_01_47,P01,P01_01,train_clips/P01_01_47.mp4,open,3,drawer,8,00:04:25.06,00:04:26.44
P01_01_48,P01,P01_01,train_clips/P01_01_48.mp4,close,4,drawer,8,00:04:28.57,00:04:29.24
P01_01_49,P01,P01_01,train_clips/P01_01_49.mp4,take,0,spatula,20,00:04:30.43,00:04:32.16
P01_01_5,P01,P01_01,train_clips/P01_01_5.mp4,take,0,container,21,00:00:16.50,00:00:18.06
P01_01_50,P01,P01_01,train_clips/P01_01_50.mp4,stir,10,courgette,76,00:04:32.08,00:04:37.85
P01_01_51,P01,P01_01,train_clips/P01_01_51.mp4,take,0,salt,38,00:04:39.60,00:04:41.35
P01_01_52,P01,P01_01,train_clips/P01_01_52.mp4,open,3,salt,38,00:04:41.45,00:04:42.93
P01_01_53,P01,P01_01,train_clips/P01_01_53.mp4,pour-onto,9,salt,38,00:04:42.80,00:04:45.05
P01_01_54,P01,P01_01,train_clips/P01_01_54.mp4,put-down,1,salt,38,00:04:45.15,00:04:46.79
P01_01_55,P01,P01_01,train_clips/P01_01_55.mp4,stir,10,courgette,76,00:04:47.86,00:04:54.25
P01_01_56,P01,P01_01,train_clips/P01_01_56.mp4,put-down,1,spatula,20,00:04:54.35,00:04:55.60
P01_01_57,P01,P01_01,train_clips/P01_01_57.mp4,take,0,celery,223,00:04:55.70,00:04:59.70
P01_01_58,P01,P01_01,train_clips/P01_01_58.mp4,wash,2,celery,223,00:05:01.25,00:05:15.50
P01_01_59,P01,P01_01,train_clips/P01_01_59.mp4,turn-on,6,tap,0,00:05:01.30,00:05:03.46
P01_01_6,P01,P01_01,train_clips/P01_01_6.mp4,take,0,tofu,81,00:00:18.19,00:00:21.14
P01_01_60,P01,P01_01,train_clips/P01_01_60.mp4,wash,2,celery,223,00:05:03.56,00:05:15.49
P01_01_61,P01,P01_01,train_clips/P01_01_61.mp4,turn-off,8,tap,0,00:05:15.03,00:05:15.94
P01_01_62,P01,P01_01,train_clips/P01_01_62.mp4,put-down,1,celery,223,00:05:18.25,00:05:20.00
P01_01_63,P01,P01_01,train_clips/P01_01_63.mp4,cut,7,celery,223,00:05:22.78,00:05:28.18
P01_01_64,P01,P01_01,train_clips/P01_01_64.mp4,cut,7,celery,223,00:05:28.28,00:05:38.07
P01_01_65,P01,P01_01,train_clips/P01_01_65.mp4,pour-onto,9,celery,223,00:05:41.64,00:05:46.21
P01_01_66,P01,P01_01,train_clips/P01_01_66.mp4,put-down,1,board:cutting,18,00:05:46.01,00:05:47.67
P01_01_67,P01,P01_01,train_clips/P01_01_67.mp4,take,0,celery,223,00:05:47.33,00:05:53.79
P01_01_68,P01,P01_01,train_clips/P01_01_68.mp4,throw-into,13,bin:garbage,36,00:05:54.09,00:05:58.44
P01_01_69,P01,P01_01,train_clips/P01_01_69.mp4,open,3,fridge,12,00:06:00.21,00:06:01.84
P01_01_7,P01,P01_01,train_clips/P01_01_7.mp4,close,4,fridge,12,00:00:21.91,00:00:23.33
P01_01_70,P01,P01_01,train_clips/P01_01_70.mp4,put-into,5,celery,223,00:06:00.76,00:06:03.07
P01_01_71,P01,P01_01,train_clips/P01_01_71.mp4,close,4,fridge,12,00:06:03.07,00:06:04.15
P01_01_72,P01,P01_01,train_clips/P01_01_72.mp4,take,0,spatula,20,00:06:07.34,00:06:08.34
P01_01_73,P01,P01_01,train_clips/P01_01_73.mp4,stir,10,spatula,20,00:06:08.37,00:06:18.03
P01_01_74,P01,P01_01,train_clips/P01_01_74.mp4,put-down,1,spatula,20,00:06:17.83,00:06:19.31
P01_01_75,P01,P01_01,train_clips/P01_01_75.mp4,open,3,container,21,00:06:19.26,00:06:21.20
P01_01_76,P01,P01_01,train_clips/P01_01_76.mp4,take,0,onion,16,00:06:21.53,00:06:24.85
P01_01_77,P01,P01_01,train_clips/P01_01_77.mp4,take,0,onion,16,00:06:24.01,00:06:24.76
P01_01_78,P01,P01_01,train_clips/P01_01_78.mp4,put-down,1,onion,16,00:06:24.86,00:06:25.58
P01_01_79,P01,P01_01,train_clips/P01_01_79.mp4,close,4,container,21,00:06:25.48,00:06:28.37
P01_01_8,P01,P01_01,train_clips/P01_01_8.mp4,open,3,fridge,12,00:00:23.18,00:00:24.29
P01_01_80,P01,P01_01,train_clips/P01_01_80.mp4,take,0,spatula,20,00:06:30.52,00:06:31.28
P01_01_81,P01,P01_01,train_clips/P01_01_81.mp4,take,0,knife,4,00:06:30.95,00:06:32.13
P01_01_82,P01,P01_01,train_clips/P01_01_82.mp4,cut,7,onion,16,00:06:32.59,00:06:38.75
P01_01_83,P01,P01_01,train_clips/P01_01_83.mp4,cut,7,onion,16,00:06:35.40,00:06:47.03
P01_01_84,P01,P01_01,train_clips/P01_01_84.mp4,cut,7,onion,16,00:06:48.39,00:07:02.18
P01_01_85,P01,P01_01,train_clips/P01_01_85.mp4,put-down,1,knife,4,00:07:04.69,00:07:06.42
P01_01_86,P01,P01_01,train_clips/P01_01_86.mp4,take,0,kettle,44,00:07:06.95,00:07:09.35
P01_01_87,P01,P01_01,train_clips/P01_01_87.mp4,turn-on,6,tap,0,00:07:09.74,00:07:13.81
P01_01_88,P01,P01_01,train_clips/P01_01_88.mp4,pour-into,9,water,27,00:07:09.91,00:07:17.77
P01_01_89,P01,P01_01,train_clips/P01_01_89.mp4,pour,9,water,27,00:07:17.00,00:07:23.16
P01_01_9,P01,P01_01,train_clips/P01_01_9.mp4,take,0,carrot,41,00:00:24.48,00:00:27.94
P01_01_90,P01,P01_01,train_clips/P01_01_90.mp4,turn-off,8,tap,0,00:07:21.50,00:07:22.25
P01_01_91,P01,P01_01,train_clips/P01_01_91.mp4,turn-on,6,kettle,44,00:07:25.11,00:07:27.13
P01_01_92,P01,P01_01,train_clips/P01_01_92.mp4,take,0,spatula,20,00:07:30.08,00:07:30.80
P01_01_93,P01,P01_01,train_clips/P01_01_93.mp4,stir,10,vegetable,94,00:07:30.55,00:07:38.30
P01_01_94,P01,P01_01,train_clips/P01_01_94.mp4,stir,10,vegetable,94,00:07:35.57,00:07:44.74
P01_01_95,P01,P01_01,train_clips/P01_01_95.mp4,take,0,glass,10,00:07:47.50,00:07:48.55
P01_01_96,P01,P01_01,train_clips/P01_01_96.mp4,take,0,glass,10,00:07:49.14,00:07:50.32
P01_01_97,P01,P01_01,train_clips/P01_01_97.mp4,open,3,cupboard,3,00:07:51.45,00:07:52.70
P01_01_98,P01,P01_01,train_clips/P01_01_98.mp4,put-into,5,glass,10,00:07:54.18,00:07:57.23
P01_01_99,P01,P01_01,train_clips/P01_01_99.mp4,close,4,cupboard,3,00:07:56.74,00:07:59.32
P01_02_0,P01,P01_02,train_clips/P01_02_0.mp4,take,0,plate,2,00:00:05.07,00:00:06.84
P01_02_1,P01,P01_02,train_clips/P01_02_1.mp4,open,3,bin,36,00:00:08.61,00:00:09.28
P01_02_10,P01,P01_02,train_clips/P01_02_10.mp4,pour,9,liquid:washing:up,22,00:00:30.20,00:00:32.45
P01_02_100,P01,P01_02,train_clips/P01_02_100.mp4,take,0,rag,17,00:05:33.31,00:05:34.06
P01_02_101,P01,P01_02,train_clips/P01_02_101.mp4,squeeze,18,sponge,9,00:05:34.16,00:05:42.76
P01_02_102,P01,P01_02,train_clips/P01_02_102.mp4,rinse,2,rag,17,00:05:42.85,00:05:47.10
P01_02_103,P01,P01_02,train_clips/P01_02_103.mp4,squeeze,18,rag,17,00:05:47.20,00:05:49.20
P01_02_104,P01,P01_02,train_clips/P01_02_104.mp4,wipe,2,sink,63,00:05:48.80,00:05:52.30
P01_02_105,P01,P01_02,train_clips/P01_02_105.mp4,wipe,2,sink,63,00:05:49.04,00:05:59.01
P01_02_106,P01,P01_02,train_clips/P01_02_106.mp4,squeeze,18,rag,17,00:05:52.40,00:05:54.90
P01_02_107,P01,P01_02,train_clips/P01_02_107.mp4,wipe,2,counter,42,00:05:59.71,00:06:05.53
P01_02_108,P01,P01_02,train_clips/P01_02_108.mp4,wipe,2,counter,42,00:06:04.88,00:06:07.48
P01_02_109,P01,P01_02,train_clips/P01_02_109.mp4,wipe,2,counter,42,00:06:07.58,00:06:16.73
P01_02_11,P01,P01_02,train_clips/P01_02_11.mp4,squeeze,18,sponge,9,00:00:32.48,00:00:35.54
P01_02_110,P01,P01_02,train_clips/P01_02_110.mp4,open,3,bin,36,00:06:17.71,00:06:18.97
P01_02_111,P01,P01_02,train_clips/P01_02_111.mp4,throw-into,13,leftover,34,00:06:18.99,00:06:19.74
P01_02_112,P01,P01_02,train_clips/P01_02_112.mp4,close,4,bin,36,00:06:19.80,00:06:21.96
P01_02_113,P01,P01_02,train_clips/P01_02_113.mp4,wipe,2,cooker,46,00:06:23.35,00:06:27.09
P01_02_114,P01,P01_02,train_clips/P01_02_114.mp4,wipe,2,cooker,46,00:06:27.09,00:06:33.36
P01_02_115,P01,P01_02,train_clips/P01_02_115.mp4,wipe,2,cooker,46,00:06:33.46,00:06:47.45
P01_02_116,P01,P01_02,train_clips/P01_02_116.mp4,wipe,2,cooker,46,00:06:44.28,00:06:47.51
P01_02_117,P01,P01_02,train_clips/P01_02_117.mp4,wipe,2,counter,42,00:06:47.61,00:06:53.07
P01_02_118,P01,P01_02,train_clips/P01_02_118.mp4,wipe,2,counter,42,00:06:53.16,00:06:55.79
P01_02_119,P01,P01_02,train_clips/P01_02_119.mp4,wipe,2,sink,63,00:06:53.49,00:06:57.91
P01_02_12,P01,P01_02,train_clips/P01_02_12.mp4,take,0,fork,14,00:00:34.64,00:00:35.70
P01_02_120,P01,P01_02,train_clips/P01_02_120.mp4,turn-on,6,tap,0,00:06:57.65,00:06:59.53
P01_02_121,P01,P01_02,train_clips/P01_02_121.mp4,rinse,2,rag,17,00:06:59.32,00:07:04.40
P01_02_122,P01,P01_02,train_clips/P01_02_122.mp4,turn-off,8,tap,0,00:07:04.49,00:07:05.83
P01_02_123,P01,P01_02,train_clips/P01_02_123.mp4,squeeze,18,rag,17,00:07:05.93,00:07:07.60
P01_02_124,P01,P01_02,train_clips/P01_02_124.mp4,wipe,2,sink,63,00:07:07.73,00:07:10.71
P01_02_125,P01,P01_02,train_clips/P01_02_125.mp4,wipe,2,sink,63,00:07:10.47,00:07:20.76
P01_02_126,P01,P01_02,train_clips/P01_02_126.mp4,squeeze,18,rag,17,00:07:21.11,00:07:24.94
P01_02_127,P01,P01_02,train_clips/P01_02_127.mp4,put-down,1,rag,17,00:07:24.79,00:07:25.95
P01_02_128,P01,P01_02,train_clips/P01_02_128.mp4,take,0,cloth,17,00:07:25.95,00:07:27.33
P01_02_129,P01,P01_02,train_clips/P01_02_129.mp4,dry,14,hand,11,00:07:26.90,00:07:30.90
P01_02_13,P01,P01_02,train_clips/P01_02_13.mp4,wash,2,fork,14,00:00:35.49,00:00:41.24
P01_02_130,P01,P01_02,train_clips/P01_02_130.mp4,put-down,1,cloth,17,00:07:31.18,00:07:33.43
P01_02_131,P01,P01_02,train_clips/P01_02_131.mp4,move,11,chair,182,00:07:33.77,00:07:35.28
P01_02_132,P01,P01_02,train_clips/P01_02_132.mp4,take,0,board:eating,84,00:07:35.38,00:07:42.13
P01_02_133,P01,P01_02,train_clips/P01_02_133.mp4,open,3,drawer,8,00:07:43.80,00:07:45.80
P01_02_134,P01,P01_02,train_clips/P01_02_134.mp4,put-down,1,board:eating,84,00:07:45.83,00:07:47.33
P01_02_135,P01,P01_02,train_clips/P01_02_135.mp4,take,0,lid,6,00:07:48.13,00:07:49.43
P01_02_136,P01,P01_02,train_clips/P01_02_136.mp4,close,4,lid,6,00:07:48.46,00:07:50.99
P01_02_137,P01,P01_02,train_clips/P01_02_137.mp4,take,0,container,21,00:07:53.11,00:07:55.52
P01_02_138,P01,P01_02,train_clips/P01_02_138.mp4,open,3,fridge,12,00:07:55.91,00:07:56.68
P01_02_139,P01,P01_02,train_clips/P01_02_139.mp4,put-into,5,container,21,00:07:57.01,00:08:01.11
P01_02_14,P01,P01_02,train_clips/P01_02_14.mp4,take,0,knife,4,00:00:41.75,00:00:42.63
P01_02_140,P01,P01_02,train_clips/P01_02_140.mp4,close,4,fridge,12,00:08:02.12,00:08:03.47
P01_02_141,P01,P01_02,train_clips/P01_02_141.mp4,take,0,bottle,15,00:08:07.35,00:08:08.64
P01_02_142,P01,P01_02,train_clips/P01_02_142.mp4,pour-into,9,water,27,00:08:09.00,00:08:13.10
P01_02_143,P01,P01_02,train_clips/P01_02_143.mp4,put-down,1,bottle,15,00:08:13.20,00:08:14.20
P01_02_144,P01,P01_02,train_clips/P01_02_144.mp4,drink,60,water,27,00:08:13.80,00:08:19.25
P01_02_145,P01,P01_02,train_clips/P01_02_145.mp4,close,4,bottle,15,00:08:14.65,00:08:17.15
P01_02_15,P01,P01_02,train_clips/P01_02_15.mp4,wash,2,knife,4,00:00:42.69,00:00:49.44
P01_02_16,P01,P01_02,train_clips/P01_02_16.mp4,put-down,1,knife,4,00:00:49.51,00:00:50.02
P01_02_17,P01,P01_02,train_clips/P01_02_17.mp4,take,0,plate,2,00:00:50.32,00:00:51.14
P01_02_18,P01,P01_02,train_clips/P01_02_18.mp4,wash,2,plate,2,00:00:50.89,00:01:00.52
P01_02_19,P01,P01_02,train_clips/P01_02_19.mp4,wash,2,plate,2,00:01:00.45,00:01:03.42
P01_02_2,P01,P01_02,train_clips/P01_02_2.mp4,throw-into,13,leftover,34,00:00:10.13,00:00:18.13
P01_02_20,P01,P01_02,train_clips/P01_02_20.mp4,put-down,1,plate,2,00:01:03.16,00:01:04.13
P01_02_21,P01,P01_02,train_clips/P01_02_21.mp4,take,0,spatula,20,00:01:04.23,00:01:04.86
P01_02_22,P01,P01_02,train_clips/P01_02_22.mp4,turn-on,6,tap,0,00:01:06.61,00:01:07.63
P01_02_23,P01,P01_02,train_clips/P01_02_23.mp4,rinse,2,spatula,20,00:01:07.38,00:01:09.37
P01_02_24,P01,P01_02,train_clips/P01_02_24.mp4,wash,2,spatula,20,00:01:09.32,00:01:17.33
P01_02_25,P01,P01_02,train_clips/P01_02_25.mp4,wash,2,spatula,20,00:01:16.18,00:01:21.23
P01_02_26,P01,P01_02,train_clips/P01_02_26.mp4,put-down,1,spatula,20,00:01:20.12,00:01:22.00
P01_02_27,P01,P01_02,train_clips/P01_02_27.mp4,take,0,colander,39,00:01:22.10,00:01:22.92
P01_02_28,P01,P01_02,train_clips/P01_02_28.mp4,wash,2,colander,39,00:01:22.91,00:01:28.34
P01_02_29,P01,P01_02,train_clips/P01_02_29.mp4,put-down,1,colander,39,00:01:28.08,00:01:29.72
P01_02_3,P01,P01_02,train_clips/P01_02_3.mp4,close,4,bin,36,00:00:18.38,00:00:19.13
P01_02_30,P01,P01_02,train_clips/P01_02_30.mp4,take,0,saucepan,5,00:01:29.79,00:01:31.38
P01_02_31,P01,P01_02,train_clips/P01_02_31.mp4,wash,2,saucepan,5,00:01:31.48,00:01:35.73
P01_02_32,P01,P01_02,train_clips/P01_02_32.mp4,wash,2,saucepan,5,00:01:35.71,00:01:41.20
P01_02_33,P01,P01_02,train_clips/P01_02_33.mp4,wash,2,saucepan,5,00:01:41.30,00:01:48.40
P01_02_34,P01,P01_02,train_clips/P01_02_34.mp4,take,0,colander,39,00:01:49.17,00:01:51.29
P01_02_35,P01,P01_02,train_clips/P01_02_35.mp4,put-down,1,saucepan,5,00:01:49.17,00:01:50.91
P01_02_36,P01,P01_02,train_clips/P01_02_36.mp4,put-down,1,colander,39,00:01:50.75,00:01:52.25
P01_02_37,P01,P01_02,train_clips/P01_02_37.mp4,empty,20,pan,5,00:01:53.35,00:01:55.98
P01_02_38,P01,P01_02,train_clips/P01_02_38.mp4,wash,2,pan,5,00:01:56.69,00:02:03.94
P01_02_39,P01,P01_02,train_clips/P01_02_39.mp4,wash,2,pan,5,00:02:05.13,00:02:11.38
P01_02_4,P01,P01_02,train_clips/P01_02_4.mp4,put-down,1,plate,2,00:00:21.01,00:00:22.56
P01_02_40,P01,P01_02,train_clips/P01_02_40.mp4,wash,2,pan,5,00:02:11.48,00:02:16.33
P01_02_41,P01,P01_02,train_clips/P01_02_41.mp4,put-down,1,pan,5,00:02:16.33,00:02:17.93
P01_02_42,P01,P01_02,train_clips/P01_02_42.mp4,take,0,board:cutting,18,00:02:18.53,00:02:20.53
P01_02_43,P01,P01_02,train_clips/P01_02_43.mp4,wash,2,board:cutting,18,00:02:20.87,00:02:26.62
P01_02_44,P01,P01_02,train_clips/P01_02_44.mp4,wash,2,board:cutting,18,00:02:27.73,00:02:32.22
P01_02_45,P01,P01_02,train_clips/P01_02_45.mp4,put-down,1,board:cutting,18,00:02:32.32,00:02:33.57
P01_02_46,P01,P01_02,train_clips/P01_02_46.mp4,take,0,grater,96,00:02:33.75,00:02:34.79
P01_02_47,P01,P01_02,train_clips/P01_02_47.mp4,wash,2,grater,96,00:02:34.71,00:02:37.06
P01_02_48,P01,P01_02,train_clips/P01_02_48.mp4,wash,2,grater,96,00:02:35.68,00:02:43.60
P01_02_49,P01,P01_02,train_clips/P01_02_49.mp4,put-down,1,sponge,9,00:02:43.39,00:02:43.96
P01_02_5,P01,P01_02,train_clips/P01_02_5.mp4,take,0,sponge,9,00:00:24.02,00:00:25.25
P01_02_50,P01,P01_02,train_clips/P01_02_50.mp4,put-down,1,grater,96,00:02:44.84,00:02:46.74
P01_02_51,P01,P01_02,train_clips/P01_02_51.mp4,take,0,spoon,1,00:02:48.31,00:02:49.34
P01_02_52,P01,P01_02,train_clips/P01_02_52.mp4,take,0,sponge,9,00:02:50.83,00:02:51.46
P01_02_53,P01,P01_02,train_clips/P01_02_53.mp4,wash,2,spoon,1,00:02:51.54,00:02:53.54
P01_02_54,P01,P01_02,train_clips/P01_02_54.mp4,put-down,1,sponge,9,00:02:52.98,00:02:53.71
P01_02_55,P01,P01_02,train_clips/P01_02_55.mp4,turn-on,6,tap,0,00:02:53.74,00:02:55.49
P01_02_56,P01,P01_02,train_clips/P01_02_56.mp4,rinse,2,hand,11,00:02:55.36,00:02:56.45
P01_02_57,P01,P01_02,train_clips/P01_02_57.mp4,rinse,2,spoon,1,00:02:56.55,00:02:59.73
P01_02_58,P01,P01_02,train_clips/P01_02_58.mp4,rinse,2,grater,96,00:03:01.48,00:03:08.71
P01_02_59,P01,P01_02,train_clips/P01_02_59.mp4,rinse,2,grater,96,00:03:08.81,00:03:19.08
P01_02_6,P01,P01_02,train_clips/P01_02_6.mp4,squeeze,18,sponge,9,00:00:24.53,00:00:25.87
P01_02_60,P01,P01_02,train_clips/P01_02_60.mp4,put-down,1,grater,96,00:03:19.58,00:03:20.50
P01_02_61,P01,P01_02,train_clips/P01_02_61.mp4,take,0,colander,39,00:03:20.43,00:03:22.26
P01_02_62,P01,P01_02,train_clips/P01_02_62.mp4,rinse,2,colander,39,00:03:22.42,00:03:30.66
P01_02_63,P01,P01_02,train_clips/P01_02_63.mp4,rinse,2,colander,39,00:03:28.16,00:03:36.92
P01_02_64,P01,P01_02,train_clips/P01_02_64.mp4,put-down,1,colander,39,00:03:37.48,00:03:38.43
P01_02_65,P01,P01_02,train_clips/P01_02_65.mp4,take,0,spatula,20,00:03:38.35,00:03:39.61
P01_02_67,P01,P01_02,train_clips/P01_02_67.mp4,put-down,1,spatula,20,00:03:46.66,00:03:48.11
P01_02_68,P01,P01_02,train_clips/P01_02_68.mp4,take,0,saucepan,5,00:03:50.37,00:03:51.17
P01_02_69,P01,P01_02,train_clips/P01_02_69.mp4,rinse,2,saucepan,5,00:03:51.27,00:03:58.94
P01_02_7,P01,P01_02,train_clips/P01_02_7.mp4,turn-on,6,tap,0,00:00:26.26,00:00:27.30
P01_02_70,P01,P01_02,train_clips/P01_02_70.mp4,rinse,2,saucepan,5,00:03:59.04,00:04:06.20
P01_02_71,P01,P01_02,train_clips/P01_02_71.mp4,put-down,1,saucepan,5,00:04:05.66,00:04:08.95
P01_02_72,P01,P01_02,train_clips/P01_02_72.mp4,empty,20,pan,5,00:04:09.25,00:04:13.40
P01_02_73,P01,P01_02,train_clips/P01_02_73.mp4,empty,20,pan,5,00:04:12.43,00:04:13.91
P01_02_74,P01,P01_02,train_clips/P01_02_74.mp4,rinse,2,pan,5,00:04:13.77,00:04:21.44
P01_02_75,P01,P01_02,train_clips/P01_02_75.mp4,wash,2,pan,5,00:04:14.00,00:04:22.99
P01_02_76,P01,P01_02,train_clips/P01_02_76.mp4,adjust,17,top,42,00:04:16.74,00:04:18.28
P01_02_77,P01,P01_02,train_clips/P01_02_77.mp4,wash,2,pan,5,00:04:17.96,00:04:24.21
P01_02_78,P01,P01_02,train_clips/P01_02_78.mp4,rinse,2,pan,5,00:04:22.51,00:04:30.91
P01_02_79,P01,P01_02,train_clips/P01_02_79.mp4,wash,2,pan,5,00:04:30.59,00:04:38.50
P01_02_8,P01,P01_02,train_clips/P01_02_8.mp4,rinse,2,sponge,9,00:00:26.75,00:00:29.25
P01_02_80,P01,P01_02,train_clips/P01_02_80.mp4,rinse,2,pan,5,00:04:38.90,00:04:45.87
P01_02_81,P01,P01_02,train_clips/P01_02_81.mp4,rinse,2,pan,5,00:04:39.21,00:04:48.69
P01_02_82,P01,P01_02,train_clips/P01_02_82.mp4,put-down,1,pan,5,00:04:48.79,00:04:50.98
P01_02_83,P01,P01_02,train_clips/P01_02_83.mp4,take,0,knife,4,00:04:50.08,00:04:51.44
P01_02_84,P01,P01_02,train_clips/P01_02_84.mp4,rinse,2,knife,4,00:04:51.32,00:04:55.41
P01_02_85,P01,P01_02,train_clips/P01_02_85.mp4,take,0,fork,14,00:04:55.47,00:04:56.22
P01_02_86,P01,P01_02,train_clips/P01_02_86.mp4,put-down,1,knife,4,00:04:55.49,00:04:56.98
P01_02_87,P01,P01_02,train_clips/P01_02_87.mp4,rinse,2,fork,14,00:04:56.32,00:04:59.60
P01_02_88,P01,P01_02,train_clips/P01_02_88.mp4,put-down,1,fork,14,00:04:59.67,00:05:00.45
P01_02_89,P01,P01_02,train_clips/P01_02_89.mp4,take,0,plate,2,00:05:00.52,00:05:01.27
P01_02_9,P01,P01_02,train_clips/P01_02_9.mp4,take,0,liquid:washing:up,22,00:00:28.71,00:00:30.18
P01_02_90,P01,P01_02,train_clips/P01_02_90.mp4,rinse,2,plate,2,00:05:01.47,00:05:05.47
P01_02_91,P01,P01_02,train_clips/P01_02_91.mp4,rinse,2,plate,2,00:05:05.57,00:05:08.25
P01_02_92,P01,P01_02,train_clips/P01_02_92.mp4,put-down,1,plate,2,00:05:09.10,00:05:11.17
P01_02_93,P01,P01_02,train_clips/P01_02_93.mp4,take,0,board:cutting,18,00:05:09.27,00:05:10.02
P01_02_94,P01,P01_02,train_clips/P01_02_94.mp4,rinse,2,board:cutting,18,00:05:10.05,00:05:19.15
P01_02_95,P01,P01_02,train_clips/P01_02_95.mp4,rinse,2,board:cutting,18,00:05:19.50,00:05:24.25
P01_02_96,P01,P01_02,train_clips/P01_02_96.mp4,put-down,1,board:cutting,18,00:05:24.25,00:05:27.00
P01_02_97,P01,P01_02,train_clips/P01_02_97.mp4,take,0,sponge,9,00:05:25.07,00:05:27.20
P01_02_98,P01,P01_02,train_clips/P01_02_98.mp4,squeeze,18,sponge,9,00:05:26.70,00:05:27.70
P01_02_99,P01,P01_02,train_clips/P01_02_99.mp4,squeeze,18,sponge,9,00:05:27.80,00:05:33.75
P01_04_0,P01,P01_04,train_clips/P01_04_0.mp4,take,0,cup,13,00:00:00.11,00:00:03.04
P01_04_1,P01,P01_04,train_clips/P01_04_1.mp4,put-down,1,cup,13,00:00:02.87,00:00:05.10
P01_04_10,P01,P01_04,train_clips/P01_04_10.mp4,fold,28,tablecloth,17,00:00:30.75,00:00:35.04
P01_04_11,P01,P01_04,train_clips/P01_04_11.mp4,pull-down,31,tablecloth,17,00:00:37.33,00:00:38.81
P01_04_12,P01,P01_04,train_clips/P01_04_12.mp4,take,0,liquid:washing:up,22,00:00:41.36,00:00:42.13
P01_04_13,P01,P01_04,train_clips/P01_04_13.mp4,pour,9,liquid:washing:up,22,00:00:42.17,00:00:44.47
P01_04_14,P01,P01_04,train_clips/P01_04_14.mp4,turn-on,6,tap,0,00:00:45.27,00:00:46.81
P01_04_15,P01,P01_04,train_clips/P01_04_15.mp4,wash,2,cup,13,00:00:46.91,00:00:52.41
P01_04_16,P01,P01_04,train_clips/P01_04_16.mp4,rinse,2,spoon,1,00:00:52.51,00:00:56.16
P01_04_17,P01,P01_04,train_clips/P01_04_17.mp4,rinse,2,cup,13,00:00:57.32,00:01:02.67
P01_04_18,P01,P01_04,train_clips/P01_04_18.mp4,turn,23,tap,0,00:01:02.30,00:01:02.99
P01_04_19,P01,P01_04,train_clips/P01_04_19.mp4,pull-down,31,cup,13,00:01:03.51,00:01:07.21
P01_04_2,P01,P01_04,train_clips/P01_04_2.mp4,take,0,bag:cereal,19,00:00:06.15,00:00:06.77
P01_04_20,P01,P01_04,train_clips/P01_04_20.mp4,rinse,2,sink,63,00:01:08.65,00:01:11.30
P01_04_21,P01,P01_04,train_clips/P01_04_21.mp4,rinse,2,hand,11,00:01:09.29,00:01:11.79
P01_04_22,P01,P01_04,train_clips/P01_04_22.mp4,turn-off,8,tap,0,00:01:11.40,00:01:12.08
P01_04_23,P01,P01_04,train_clips/P01_04_23.mp4,dry,14,hand,11,00:01:14.35,00:01:19.44
P01_04_24,P01,P01_04,train_clips/P01_04_24.mp4,take,0,bottle,15,00:01:19.79,00:01:22.04
P01_04_25,P01,P01_04,train_clips/P01_04_25.mp4,open,3,bottle,15,00:01:22.14,00:01:25.14
P01_04_26,P01,P01_04,train_clips/P01_04_26.mp4,take,0,glass,10,00:01:25.37,00:01:26.12
P01_04_27,P01,P01_04,train_clips/P01_04_27.mp4,pour,9,water,27,00:01:26.34,00:01:30.61
P01_04_28,P01,P01_04,train_clips/P01_04_28.mp4,drink,60,water,27,00:01:31.07,00:01:38.60
P01_04_29,P01,P01_04,train_clips/P01_04_29.mp4,put-down,1,bottle,15,00:01:37.91,00:01:40.35
P01_04_3,P01,P01_04,train_clips/P01_04_3.mp4,fold,28,bag:cereal,19,00:00:07.26,00:00:10.26
P01_04_30,P01,P01_04,train_clips/P01_04_30.mp4,put-down,1,glass,10,00:01:38.95,00:01:40.61
P01_04_31,P01,P01_04,train_clips/P01_04_31.mp4,take,0,container,21,00:01:40.49,00:01:41.99
P01_04_4,P01,P01_04,train_clips/P01_04_4.mp4,put-into,5,bag:cereal,19,00:00:10.36,00:00:14.11
P01_04_5,P01,P01_04,train_clips/P01_04_5.mp4,close,4,box:cereal,23,00:00:14.21,00:00:17.21
P01_04_6,P01,P01_04,train_clips/P01_04_6.mp4,open,3,cupboard,3,00:00:18.91,00:00:20.16
P01_04_7,P01,P01_04,train_clips/P01_04_7.mp4,put-down,1,box:cereal,23,00:00:19.68,00:00:22.71
P01_04_8,P01,P01_04,train_clips/P01_04_8.mp4,close,4,cupboard,3,00:00:22.78,00:00:24.28
P01_04_9,P01,P01_04,train_clips/P01_04_9.mp4,take,0,tablecloth,17,00:00:25.74,00:00:30.67
P01_05_0,P01,P01_05,train_clips/P01_05_0.mp4,open,3,fridge,12,00:00:04.14,00:00:05.93
P01_05_1,P01,P01_05,train_clips/P01_05_1.mp4,take,0,mushroom,56,00:00:06.51,00:00:08.08
P01_05_10,P01,P01_05,train_clips/P01_05_10.mp4,put-into,5,cup,13,00:00:30.75,00:00:33.50
P01_05_100,P01,P01_05,train_clips/P01_05_100.mp4,turn-on,6,hob,24,00:05:34.82,00:05:37.70
P01_05_101,P01,P01_05,train_clips/P01_05_101.mp4,open,3,cupboard,3,00:05:37.82,00:05:40.42
P01_05_102,P01,P01_05,train_clips/P01_05_102.mp4,take,0,pan:frying,5,00:05:41.03,00:05:43.47
P01_05_103,P01,P01_05,train_clips/P01_05_103.mp4,close,4,cupboard,3,00:05:43.84,00:05:46.50
P01_05_104,P01,P01_05,train_clips/P01_05_104.mp4,put-on,1,pan,5,00:05:47.48,00:05:49.65
P01_05_105,P01,P01_05,train_clips/P01_05_105.mp4,take,0,kettle,44,00:06:14.48,00:06:18.00
P01_05_106,P01,P01_05,train_clips/P01_05_106.mp4,pour-into,9,water,27,00:06:19.96,00:06:21.66
P01_05_107,P01,P01_05,train_clips/P01_05_107.mp4,pour,9,water,27,00:06:24.26,00:06:30.73
P01_05_108,P01,P01_05,train_clips/P01_05_108.mp4,put-down,1,kettle,44,00:06:30.30,00:06:34.23
P01_05_109,P01,P01_05,train_clips/P01_05_109.mp4,take,0,salt,38,00:06:36.68,00:06:47.41
P01_05_11,P01,P01_05,train_clips/P01_05_11.mp4,take,0,plate,2,00:00:34.79,00:00:36.91
P01_05_110,P01,P01_05,train_clips/P01_05_110.mp4,open,3,drawer,8,00:06:38.72,00:06:39.60
P01_05_111,P01,P01_05,train_clips/P01_05_111.mp4,take,0,spoon,1,00:06:39.68,00:06:40.68
P01_05_112,P01,P01_05,train_clips/P01_05_112.mp4,close,4,drawer,8,00:06:40.78,00:06:42.28
P01_05_113,P01,P01_05,train_clips/P01_05_113.mp4,open,3,salt,38,00:06:42.72,00:06:44.07
P01_05_114,P01,P01_05,train_clips/P01_05_114.mp4,pour-into,9,salt,38,00:06:44.95,00:06:48.50
P01_05_115,P01,P01_05,train_clips/P01_05_115.mp4,pour,9,salt,38,00:06:48.58,00:06:50.33
P01_05_116,P01,P01_05,train_clips/P01_05_116.mp4,put-down,1,salt,38,00:06:52.98,00:06:54.15
P01_05_117,P01,P01_05,train_clips/P01_05_117.mp4,put-down,1,spoon,1,00:06:53.83,00:06:54.53
P01_05_118,P01,P01_05,train_clips/P01_05_118.mp4,take,0,board:cutting,18,00:06:54.86,00:06:57.20
P01_05_119,P01,P01_05,train_clips/P01_05_119.mp4,pour-into,9,potato,30,00:06:57.52,00:07:05.12
P01_05_12,P01,P01_05,train_clips/P01_05_12.mp4,take,0,plate,2,00:00:36.95,00:00:39.95
P01_05_120,P01,P01_05,train_clips/P01_05_120.mp4,put-down,1,board:cutting,18,00:07:05.69,00:07:07.79
P01_05_121,P01,P01_05,train_clips/P01_05_121.mp4,throw,13,sausage,86,00:07:12.35,00:07:14.99
P01_05_122,P01,P01_05,train_clips/P01_05_122.mp4,take,0,sausage,86,00:07:19.19,00:07:20.27
P01_05_123,P01,P01_05,train_clips/P01_05_123.mp4,open,3,box:sausage,23,00:07:20.38,00:07:35.22
P01_05_124,P01,P01_05,train_clips/P01_05_124.mp4,throw-into,13,plastic,26,00:07:39.24,00:07:41.73
P01_05_125,P01,P01_05,train_clips/P01_05_125.mp4,close,4,bin,36,00:07:41.42,00:07:42.42
P01_05_126,P01,P01_05,train_clips/P01_05_126.mp4,dry,14,hand,11,00:07:45.00,00:07:47.72
P01_05_127,P01,P01_05,train_clips/P01_05_127.mp4,open,3,cupboard,3,00:07:48.96,00:07:49.96
P01_05_128,P01,P01_05,train_clips/P01_05_128.mp4,take,0,board:cutting,18,00:07:50.59,00:07:52.53
P01_05_129,P01,P01_05,train_clips/P01_05_129.mp4,close,4,cupboard,3,00:07:52.37,00:07:54.25
P01_05_13,P01,P01_05,train_clips/P01_05_13.mp4,put-down,1,plate,2,00:00:40.30,00:00:41.55
P01_05_130,P01,P01_05,train_clips/P01_05_130.mp4,move,11,bottle,15,00:07:55.67,00:07:56.84
P01_05_131,P01,P01_05,train_clips/P01_05_131.mp4,move,11,glass,10,00:07:57.54,00:07:58.30
P01_05_132,P01,P01_05,train_clips/P01_05_132.mp4,move,11,glass,10,00:07:58.52,00:07:59.22
P01_05_133,P01,P01_05,train_clips/P01_05_133.mp4,put-down,1,board:cutting,18,00:08:00.62,00:08:01.57
P01_05_134,P01,P01_05,train_clips/P01_05_134.mp4,open,3,drawer,8,00:08:01.67,00:08:03.16
P01_05_135,P01,P01_05,train_clips/P01_05_135.mp4,take,0,knife,4,00:08:03.18,00:08:04.55
P01_05_136,P01,P01_05,train_clips/P01_05_136.mp4,take,0,bread,33,00:08:05.43,00:08:06.68
P01_05_137,P01,P01_05,train_clips/P01_05_137.mp4,put-down,1,bread,33,00:08:10.03,00:08:10.78
P01_05_138,P01,P01_05,train_clips/P01_05_138.mp4,slice,7,bread,33,00:08:12.19,00:08:17.69
P01_05_139,P01,P01_05,train_clips/P01_05_139.mp4,slice,7,bread,33,00:08:18.23,00:08:23.48
P01_05_14,P01,P01_05,train_clips/P01_05_14.mp4,put-into,5,plate,2,00:00:42.15,00:00:44.65
P01_05_140,P01,P01_05,train_clips/P01_05_140.mp4,put-down,1,knife,4,00:08:27.63,00:08:28.93
P01_05_141,P01,P01_05,train_clips/P01_05_141.mp4,take,0,bag:bread,19,00:08:30.46,00:08:31.35
P01_05_142,P01,P01_05,train_clips/P01_05_142.mp4,put-in,5,bread,33,00:08:32.02,00:08:34.55
P01_05_143,P01,P01_05,train_clips/P01_05_143.mp4,fold,28,bag,19,00:08:35.89,00:08:37.80
P01_05_144,P01,P01_05,train_clips/P01_05_144.mp4,put-down,1,bag,19,00:08:38.89,00:08:39.95
P01_05_145,P01,P01_05,train_clips/P01_05_145.mp4,put-down,1,board:cutting,18,00:08:43.08,00:08:44.13
P01_05_146,P01,P01_05,train_clips/P01_05_146.mp4,take,0,cloth:table,17,00:08:45.68,00:08:48.27
P01_05_147,P01,P01_05,train_clips/P01_05_147.mp4,unfold,39,cloth:table,17,00:08:49.55,00:08:51.92
P01_05_148,P01,P01_05,train_clips/P01_05_148.mp4,move,11,plate,2,00:08:52.63,00:08:53.89
P01_05_149,P01,P01_05,train_clips/P01_05_149.mp4,dry,14,blade,4,00:08:57.34,00:08:59.43
P01_05_15,P01,P01_05,train_clips/P01_05_15.mp4,take,0,saucepan,5,00:00:46.00,00:00:47.85
P01_05_150,P01,P01_05,train_clips/P01_05_150.mp4,put-down,1,blade,4,00:08:58.50,00:09:01.00
P01_05_151,P01,P01_05,train_clips/P01_05_151.mp4,open,3,drawer,8,00:09:03.06,00:09:04.81
P01_05_152,P01,P01_05,train_clips/P01_05_152.mp4,take,0,fork,14,00:09:04.56,00:09:06.07
P01_05_153,P01,P01_05,train_clips/P01_05_153.mp4,close,4,drawer,8,00:09:06.05,00:09:06.89
P01_05_154,P01,P01_05,train_clips/P01_05_154.mp4,put-down,1,fork,14,00:09:07.36,00:09:09.32
P01_05_155,P01,P01_05,train_clips/P01_05_155.mp4,take,0,bottle,15,00:09:22.19,00:09:23.36
P01_05_156,P01,P01_05,train_clips/P01_05_156.mp4,open,3,bottle,15,00:09:24.60,00:09:27.04
P01_05_157,P01,P01_05,train_clips/P01_05_157.mp4,turn-on,6,tap,0,00:09:27.51,00:09:30.30
P01_05_158,P01,P01_05,train_clips/P01_05_158.mp4,pour-into,9,water,27,00:09:29.00,00:09:42.30
P01_05_159,P01,P01_05,train_clips/P01_05_159.mp4,turn-off,8,tap,0,00:09:41.98,00:09:42.98
P01_05_16,P01,P01_05,train_clips/P01_05_16.mp4,open,3,cupboard,3,00:00:48.45,00:00:49.20
P01_05_160,P01,P01_05,train_clips/P01_05_160.mp4,put,1,bottle,15,00:09:44.21,00:09:46.50
P01_05_161,P01,P01_05,train_clips/P01_05_161.mp4,take,0,box:fruit,23,00:10:29.77,00:10:34.48
P01_05_162,P01,P01_05,train_clips/P01_05_162.mp4,open,3,box:fruit,23,00:10:36.51,00:10:44.31
P01_05_163,P01,P01_05,train_clips/P01_05_163.mp4,take,0,mesh,39,00:10:45.96,00:10:47.96
P01_05_164,P01,P01_05,train_clips/P01_05_164.mp4,open,3,bin,36,00:10:49.63,00:10:50.68
P01_05_165,P01,P01_05,train_clips/P01_05_165.mp4,throw-into,13,mesh,39,00:10:49.99,00:10:50.68
P01_05_166,P01,P01_05,train_clips/P01_05_166.mp4,close,4,bin,36,00:10:50.52,00:10:51.77
P01_05_167,P01,P01_05,train_clips/P01_05_167.mp4,take,0,box:fruit,23,00:10:53.45,00:10:54.46
P01_05_168,P01,P01_05,train_clips/P01_05_168.mp4,wash,2,fruit,254,00:10:55.96,00:11:10.07
P01_05_169,P01,P01_05,train_clips/P01_05_169.mp4,wash,2,fruit,254,00:10:58.73,00:11:22.65
P01_05_17,P01,P01_05,train_clips/P01_05_17.mp4,move,11,saucepan,5,00:00:50.91,00:00:52.06
P01_05_170,P01,P01_05,train_clips/P01_05_170.mp4,turn-off,8,tap,0,00:11:18.77,00:11:19.69
P01_05_171,P01,P01_05,train_clips/P01_05_171.mp4,put-onto,1,fruit,254,00:11:27.07,00:11:28.47
P01_05_172,P01,P01_05,train_clips/P01_05_172.mp4,dry,14,hand,11,00:11:29.42,00:11:31.06
P01_05_173,P01,P01_05,train_clips/P01_05_173.mp4,adjust,17,hob,24,00:11:31.76,00:11:32.40
P01_05_174,P01,P01_05,train_clips/P01_05_174.mp4,take,0,sausage,86,00:11:35.04,00:11:36.72
P01_05_175,P01,P01_05,train_clips/P01_05_175.mp4,put-onto,1,sausage,86,00:11:36.99,00:11:45.59
P01_05_176,P01,P01_05,train_clips/P01_05_176.mp4,adjust,17,hob,24,00:11:45.86,00:11:46.95
P01_05_177,P01,P01_05,train_clips/P01_05_177.mp4,put-onto,1,sausage,86,00:11:48.14,00:11:53.10
P01_05_178,P01,P01_05,train_clips/P01_05_178.mp4,throw-into,13,box,23,00:11:56.84,00:11:59.09
P01_05_179,P01,P01_05,train_clips/P01_05_179.mp4,dry,14,hand,11,00:12:05.99,00:12:15.61
P01_05_18,P01,P01_05,train_clips/P01_05_18.mp4,put-into,5,saucepan,5,00:00:54.40,00:00:55.65
P01_05_180,P01,P01_05,train_clips/P01_05_180.mp4,hang,41,clothes,73,00:12:17.45,00:12:18.26
P01_05_181,P01,P01_05,train_clips/P01_05_181.mp4,take,0,clothes,73,00:12:19.79,00:12:24.42
P01_05_182,P01,P01_05,train_clips/P01_05_182.mp4,hang,41,clothes,73,00:12:29.04,00:12:30.85
P01_05_183,P01,P01_05,train_clips/P01_05_183.mp4,open,3,drawer,8,00:13:00.42,00:13:01.28
P01_05_184,P01,P01_05,train_clips/P01_05_184.mp4,take,0,tongs,142,00:13:01.67,00:13:04.12
P01_05_185,P01,P01_05,train_clips/P01_05_185.mp4,put-down,1,tongs,142,00:13:08.10,00:13:09.23
P01_05_186,P01,P01_05,train_clips/P01_05_186.mp4,take,0,spoon,1,00:13:09.44,00:13:10.21
P01_05_187,P01,P01_05,train_clips/P01_05_187.mp4,stir,10,spoon,1,00:13:11.31,00:13:18.98
P01_05_188,P01,P01_05,train_clips/P01_05_188.mp4,put-down,1,spoon,1,00:13:19.81,00:13:20.55
P01_05_189,P01,P01_05,train_clips/P01_05_189.mp4,adjust,17,hop,24,00:13:26.93,00:13:28.80
P01_05_19,P01,P01_05,train_clips/P01_05_19.mp4,take,0,saucepan,5,00:00:56.31,00:01:00.00
P01_05_190,P01,P01_05,train_clips/P01_05_190.mp4,move,11,saucepan,5,00:14:44.59,00:14:48.08
P01_05_191,P01,P01_05,train_clips/P01_05_191.mp4,adjust,17,hob,24,00:15:10.05,00:15:11.73
P01_05_192,P01,P01_05,train_clips/P01_05_192.mp4,open,3,drawer,8,00:15:45.73,00:15:48.42
P01_05_193,P01,P01_05,train_clips/P01_05_193.mp4,open,3,drawer,8,00:15:48.74,00:15:52.33
P01_05_194,P01,P01_05,train_clips/P01_05_194.mp4,close,4,drawer,8,00:15:51.04,00:15:52.27
P01_05_195,P01,P01_05,train_clips/P01_05_195.mp4,take,0,lighter,130,00:15:52.37,00:15:55.32
P01_05_196,P01,P01_05,train_clips/P01_05_196.mp4,take,0,candle,280,00:15:56.92,00:15:58.58
P01_05_197,P01,P01_05,train_clips/P01_05_197.mp4,turn-on,6,candle,280,00:15:57.86,00:16:07.22
P01_05_198,P01,P01_05,train_clips/P01_05_198.mp4,put-down,1,candle,280,00:16:08.23,00:16:10.61
P01_05_199,P01,P01_05,train_clips/P01_05_199.mp4,open,3,drawer,8,00:16:11.80,00:16:14.06
P01_05_2,P01,P01_05,train_clips/P01_05_2.mp4,move,11,container,21,00:00:08.03,00:00:08.70
P01_05_20,P01,P01_05,train_clips/P01_05_20.mp4,put-on,1,saucepan,5,00:01:00.22,00:01:01.42
P01_05_200,P01,P01_05,train_clips/P01_05_200.mp4,close,4,drawer,8,00:16:12.73,00:16:13.35
P01_05_201,P01,P01_05,train_clips/P01_05_201.mp4,open,3,drawer,8,00:16:13.20,00:16:14.20
P01_05_202,P01,P01_05,train_clips/P01_05_202.mp4,take,0,tong,142,00:16:16.80,00:16:17.30
P01_05_203,P01,P01_05,train_clips/P01_05_203.mp4,flip,22,sausage,86,00:16:18.15,00:16:20.61
P01_05_204,P01,P01_05,train_clips/P01_05_204.mp4,flip,22,sausage,86,00:16:22.43,00:16:23.35
P01_05_205,P01,P01_05,train_clips/P01_05_205.mp4,flip,22,sausage,86,00:16:25.84,00:16:29.55
P01_05_206,P01,P01_05,train_clips/P01_05_206.mp4,flip,22,sausage,86,00:16:30.27,00:16:32.80
P01_05_207,P01,P01_05,train_clips/P01_05_207.mp4,flip,22,sausage,86,00:16:34.26,00:16:36.68
P01_05_208,P01,P01_05,train_clips/P01_05_208.mp4,flip,22,sausage,86,00:16:37.00,00:16:40.60
P01_05_209,P01,P01_05,train_clips/P01_05_209.mp4,flip,22,sausage,86,00:16:40.70,00:16:43.18
P01_05_21,P01,P01_05,train_clips/P01_05_21.mp4,take,0,bowl,7,00:01:04.53,00:01:08.44
P01_05_210,P01,P01_05,train_clips/P01_05_210.mp4,flip,22,sausage,86,00:17:10.75,00:17:13.47
P01_05_211,P01,P01_05,train_clips/P01_05_211.mp4,flip,22,sausage,86,00:17:14.30,00:17:15.95
P01_05_212,P01,P01_05,train_clips/P01_05_212.mp4,flip,22,sausage,86,00:17:19.52,00:17:20.95
P01_05_213,P01,P01_05,train_clips/P01_05_213.mp4,flip,22,sausage,86,00:17:30.09,00:17:31.80
P01_05_214,P01,P01_05,train_clips/P01_05_214.mp4,heat,45,sausage,86,00:17:38.38,00:18:01.33
P01_05_215,P01,P01_05,train_clips/P01_05_215.mp4,put-down,1,tong,142,00:18:01.43,00:18:02.48
P01_05_216,P01,P01_05,train_clips/P01_05_216.mp4,take,0,knife,4,00:18:02.58,00:18:03.37
P01_05_217,P01,P01_05,train_clips/P01_05_217.mp4,check,24,potato,30,00:18:04.20,00:18:06.86
P01_05_218,P01,P01_05,train_clips/P01_05_218.mp4,put-down,1,knife,4,00:18:07.99,00:18:09.02
P01_05_219,P01,P01_05,train_clips/P01_05_219.mp4,adjust,17,hob,24,00:18:09.17,00:18:11.48
P01_05_22,P01,P01_05,train_clips/P01_05_22.mp4,put-into,5,bowl,7,00:01:10.29,00:01:13.82
P01_05_220,P01,P01_05,train_clips/P01_05_220.mp4,take,0,tong,142,00:18:12.72,00:18:14.42
P01_05_221,P01,P01_05,train_clips/P01_05_221.mp4,adjust,17,hob,24,00:18:14.47,00:18:15.48
P01_05_222,P01,P01_05,train_clips/P01_05_222.mp4,turn,23,sausage,86,00:18:19.78,00:18:26.74
P01_05_223,P01,P01_05,train_clips/P01_05_223.mp4,turn,23,sausage,86,00:18:26.84,00:18:30.76
P01_05_224,P01,P01_05,train_clips/P01_05_224.mp4,turn,23,sausage,86,00:18:32.59,00:18:46.99
P01_05_225,P01,P01_05,train_clips/P01_05_225.mp4,turn,23,sausage,86,00:18:47.00,00:18:50.27
P01_05_226,P01,P01_05,train_clips/P01_05_226.mp4,turn,23,sausage,86,00:18:50.37,00:18:53.34
P01_05_227,P01,P01_05,train_clips/P01_05_227.mp4,turn,23,sausage,86,00:18:53.44,00:18:59.76
P01_05_228,P01,P01_05,train_clips/P01_05_228.mp4,put-down,1,tong,142,00:19:00.57,00:19:01.93
P01_05_229,P01,P01_05,train_clips/P01_05_229.mp4,adjust,17,hob,24,00:19:08.95,00:19:10.05
P01_05_23,P01,P01_05,train_clips/P01_05_23.mp4,take,0,colander,39,00:01:17.35,00:01:19.58
P01_05_230,P01,P01_05,train_clips/P01_05_230.mp4,turn-off,8,hob,24,00:19:25.84,00:19:27.73
P01_05_231,P01,P01_05,train_clips/P01_05_231.mp4,take,0,saucepan,5,00:19:27.50,00:19:28.73
P01_05_232,P01,P01_05,train_clips/P01_05_232.mp4,take,0,colander,39,00:19:30.01,00:19:31.86
P01_05_233,P01,P01_05,train_clips/P01_05_233.mp4,drain,37,potato,30,00:19:32.03,00:19:35.27
P01_05_234,P01,P01_05,train_clips/P01_05_234.mp4,put-down,1,saucepan,5,00:19:36.22,00:19:37.72
P01_05_235,P01,P01_05,train_clips/P01_05_235.mp4,pour-onto,9,potato,30,00:19:43.12,00:19:47.78
P01_05_236,P01,P01_05,train_clips/P01_05_236.mp4,put-down,1,colander,39,00:19:48.98,00:19:50.20
P01_05_237,P01,P01_05,train_clips/P01_05_237.mp4,take,0,oil,31,00:19:51.06,00:19:52.59
P01_05_238,P01,P01_05,train_clips/P01_05_238.mp4,put-down,1,oil,31,00:19:52.58,00:19:53.59
P01_05_239,P01,P01_05,train_clips/P01_05_239.mp4,take,0,sausage,86,00:19:54.44,00:19:55.12
P01_05_24,P01,P01_05,train_clips/P01_05_24.mp4,take,0,lid,6,00:01:19.62,00:01:21.27
P01_05_240,P01,P01_05,train_clips/P01_05_240.mp4,take,0,fork,14,00:19:55.71,00:19:56.94
P01_05_241,P01,P01_05,train_clips/P01_05_241.mp4,move,11,potato,30,00:19:56.86,00:19:58.16
P01_05_242,P01,P01_05,train_clips/P01_05_242.mp4,place,1,sausage,86,00:19:58.26,00:20:11.63
P01_05_243,P01,P01_05,train_clips/P01_05_243.mp4,wash,2,pan,5,00:20:13.29,00:20:19.65
P01_05_244,P01,P01_05,train_clips/P01_05_244.mp4,put-down,1,pan:frying,5,00:20:13.32,00:20:14.79
P01_05_245,P01,P01_05,train_clips/P01_05_245.mp4,wash,2,pan,5,00:20:19.65,00:20:26.73
P01_05_246,P01,P01_05,train_clips/P01_05_246.mp4,turn-off,8,tap,0,00:20:26.14,00:20:27.17
P01_05_247,P01,P01_05,train_clips/P01_05_247.mp4,take,0,oil:olive,31,00:20:27.11,00:20:28.06
P01_05_248,P01,P01_05,train_clips/P01_05_248.mp4,open,3,oil,31,00:20:28.16,00:20:30.91
P01_05_249,P01,P01_05,train_clips/P01_05_249.mp4,pour,9,oil,31,00:20:30.97,00:20:37.74
P01_05_25,P01,P01_05,train_clips/P01_05_25.mp4,take,0,glass,10,00:01:21.37,00:01:22.76
P01_05_250,P01,P01_05,train_clips/P01_05_250.mp4,close,4,oil,31,00:20:37.55,00:20:42.16
P01_05_251,P01,P01_05,train_clips/P01_05_251.mp4,put-down,1,oil,31,00:20:41.53,00:20:44.43
P01_05_252,P01,P01_05,train_clips/P01_05_252.mp4,take,0,rosemary,277,00:20:44.25,00:20:44.99
P01_05_253,P01,P01_05,train_clips/P01_05_253.mp4,open,3,rosemary,277,00:20:45.15,00:20:47.23
P01_05_254,P01,P01_05,train_clips/P01_05_254.mp4,sprinkle,42,rosemary,277,00:20:48.49,00:20:55.88
P01_05_255,P01,P01_05,train_clips/P01_05_255.mp4,close,4,rosemary,277,00:20:55.94,00:20:58.73
P01_05_256,P01,P01_05,train_clips/P01_05_256.mp4,put-down,1,rosemary,277,00:20:58.78,00:21:00.00
P01_05_257,P01,P01_05,train_clips/P01_05_257.mp4,take,0,knife,4,00:21:02.52,00:21:03.74
P01_05_258,P01,P01_05,train_clips/P01_05_258.mp4,mix,10,food,34,00:21:03.73,00:21:08.99
P01_05_26,P01,P01_05,train_clips/P01_05_26.mp4,put-into,5,glass,10,00:01:23.22,00:01:24.66
P01_05_27,P01,P01_05,train_clips/P01_05_27.mp4,take,0,ladle,97,00:01:25.87,00:01:27.57
P01_05_28,P01,P01_05,train_clips/P01_05_28.mp4,take,0,cloth,17,00:01:33.23,00:01:34.45
P01_05_29,P01,P01_05,train_clips/P01_05_29.mp4,dry,14,ladle,97,00:01:34.52,00:01:44.65
P01_05_3,P01,P01_05,train_clips/P01_05_3.mp4,take,0,sausage,86,00:00:08.74,00:00:14.23
P01_05_30,P01,P01_05,train_clips/P01_05_30.mp4,dry,14,ladle,97,00:01:34.55,00:01:44.86
P01_05_31,P01,P01_05,train_clips/P01_05_31.mp4,open,3,drawer,8,00:01:44.75,00:01:45.95
P01_05_32,P01,P01_05,train_clips/P01_05_32.mp4,put,1,ladle,97,00:01:46.05,00:01:46.88
P01_05_33,P01,P01_05,train_clips/P01_05_33.mp4,take,0,knife,4,00:01:49.86,00:01:50.85
P01_05_34,P01,P01_05,train_clips/P01_05_34.mp4,dry,14,knife,4,00:01:50.90,00:01:51.76
P01_05_35,P01,P01_05,train_clips/P01_05_35.mp4,put-down,1,knife,4,00:01:51.94,00:01:52.51
P01_05_36,P01,P01_05,train_clips/P01_05_36.mp4,take,0,spatula,20,00:01:52.75,00:01:53.82
P01_05_37,P01,P01_05,train_clips/P01_05_37.mp4,take,0,cutlery,58,00:01:55.02,00:01:58.09
P01_05_38,P01,P01_05,train_clips/P01_05_38.mp4,open,3,drawer,8,00:01:59.65,00:02:01.77
P01_05_39,P01,P01_05,train_clips/P01_05_39.mp4,put-down,1,cloth,17,00:02:00.25,00:02:01.50
P01_05_4,P01,P01_05,train_clips/P01_05_4.mp4,put-into,5,mushroom,56,00:00:14.15,00:00:16.23
P01_05_40,P01,P01_05,train_clips/P01_05_40.mp4,put-down,1,spatula,20,00:02:01.70,00:02:02.66
P01_05_41,P01,P01_05,train_clips/P01_05_41.mp4,put-into,5,spatula,20,00:02:01.85,00:02:02.60
P01_05_42,P01,P01_05,train_clips/P01_05_42.mp4,put-down,1,cutlery,58,00:02:02.94,00:02:06.36
P01_05_43,P01,P01_05,train_clips/P01_05_43.mp4,open,3,drawer,8,00:02:06.46,00:02:07.84
P01_05_44,P01,P01_05,train_clips/P01_05_44.mp4,put-down,1,cutlery,58,00:02:08.94,00:02:20.36
P01_05_45,P01,P01_05,train_clips/P01_05_45.mp4,close,4,drawer,8,00:02:19.79,00:02:21.79
P01_05_46,P01,P01_05,train_clips/P01_05_46.mp4,close,4,cupboard,3,00:02:22.09,00:02:24.41
P01_05_47,P01,P01_05,train_clips/P01_05_47.mp4,close,4,cupboard,3,00:02:22.18,00:02:23.82
P01_05_48,P01,P01_05,train_clips/P01_05_48.mp4,close,4,cupboard,3,00:02:24.51,00:02:26.32
P01_05_49,P01,P01_05,train_clips/P01_05_49.mp4,open,3,cupboard,3,00:02:26.57,00:02:28.43
P01_05_5,P01,P01_05,train_clips/P01_05_5.mp4,close,4,fridge,12,00:00:16.33,00:00:19.87
P01_05_50,P01,P01_05,train_clips/P01_05_50.mp4,take,0,potato,30,00:02:28.26,00:02:30.33
P01_05_51,P01,P01_05,train_clips/P01_05_51.mp4,put-into,5,lid,6,00:02:32.52,00:02:36.94
P01_05_52,P01,P01_05,train_clips/P01_05_52.mp4,close,4,cupboard,3,00:02:36.88,00:02:38.30
P01_05_53,P01,P01_05,train_clips/P01_05_53.mp4,move,11,sausage,86,00:02:39.46,00:02:40.55
P01_05_54,P01,P01_05,train_clips/P01_05_54.mp4,move,11,board:cutting,18,00:02:41.56,00:02:42.92
P01_05_55,P01,P01_05,train_clips/P01_05_55.mp4,take,0,kettle,44,00:02:44.89,00:02:45.94
P01_05_56,P01,P01_05,train_clips/P01_05_56.mp4,open,3,kettle,44,00:02:46.43,00:02:47.18
P01_05_57,P01,P01_05,train_clips/P01_05_57.mp4,turn-off,8,top,42,00:02:48.05,00:02:48.92
P01_05_58,P01,P01_05,train_clips/P01_05_58.mp4,pour-into,9,water,27,00:02:48.84,00:03:00.57
P01_05_59,P01,P01_05,train_clips/P01_05_59.mp4,close,4,kettle,44,00:03:00.35,00:03:01.65
P01_05_6,P01,P01_05,train_clips/P01_05_6.mp4,put-down,1,sausage,86,00:00:22.33,00:00:24.31
P01_05_60,P01,P01_05,train_clips/P01_05_60.mp4,turn-off,8,tap,0,00:03:00.67,00:03:01.42
P01_05_61,P01,P01_05,train_clips/P01_05_61.mp4,put-down,1,kettle,44,00:03:02.30,00:03:04.22
P01_05_62,P01,P01_05,train_clips/P01_05_62.mp4,turn-on,6,kettle,44,00:03:04.18,00:03:05.19
P01_05_63,P01,P01_05,train_clips/P01_05_63.mp4,take,0,spoon,1,00:03:06.77,00:03:07.81
P01_05_64,P01,P01_05,train_clips/P01_05_64.mp4,open,3,drawer,8,00:03:10.41,00:03:11.28
P01_05_65,P01,P01_05,train_clips/P01_05_65.mp4,put,1,spoon,1,00:03:11.24,00:03:12.18
P01_05_66,P01,P01_05,train_clips/P01_05_66.mp4,close,4,drawer,8,00:03:11.57,00:03:12.93
P01_05_67,P01,P01_05,train_clips/P01_05_67.mp4,take,0,cloth,17,00:03:12.78,00:03:14.62
P01_05_68,P01,P01_05,train_clips/P01_05_68.mp4,hang,41,cloth,17,00:03:15.11,00:03:16.21
P01_05_69,P01,P01_05,train_clips/P01_05_69.mp4,open,3,drawer,8,00:03:16.86,00:03:17.81
P01_05_7,P01,P01_05,train_clips/P01_05_7.mp4,take,0,board:cutting,18,00:00:25.50,00:00:27.88
P01_05_70,P01,P01_05,train_clips/P01_05_70.mp4,take,0,knife,4,00:03:17.68,00:03:19.20
P01_05_71,P01,P01_05,train_clips/P01_05_71.mp4,close,4,drawer,8,00:03:19.24,00:03:19.82
P01_05_72,P01,P01_05,train_clips/P01_05_72.mp4,put-down,1,knife,4,00:03:20.50,00:03:21.39
P01_05_73,P01,P01_05,train_clips/P01_05_73.mp4,move,11,knife,4,00:03:21.38,00:03:22.10
P01_05_74,P01,P01_05,train_clips/P01_05_74.mp4,peel,19,potato,30,00:03:22.76,00:03:43.05
P01_05_75,P01,P01_05,train_clips/P01_05_75.mp4,peel,19,potato,30,00:03:43.15,00:03:58.87
P01_05_76,P01,P01_05,train_clips/P01_05_76.mp4,peel,19,potato,30,00:03:56.82,00:04:02.11
P01_05_77,P01,P01_05,train_clips/P01_05_77.mp4,peel,19,potato,30,00:04:03.20,00:04:24.62
P01_05_78,P01,P01_05,train_clips/P01_05_78.mp4,peel,19,potato,30,00:04:07.83,00:04:12.08
P01_05_79,P01,P01_05,train_clips/P01_05_79.mp4,put-down,1,potato,30,00:04:24.72,00:04:28.35
P01_05_8,P01,P01_05,train_clips/P01_05_8.mp4,put-down,1,board:cutting,18,00:00:27.53,00:00:29.29
P01_05_80,P01,P01_05,train_clips/P01_05_80.mp4,slice,7,potato,30,00:04:27.23,00:04:48.90
P01_05_81,P01,P01_05,train_clips/P01_05_81.mp4,slice,7,potato,30,00:04:27.88,00:04:36.81
P01_05_82,P01,P01_05,train_clips/P01_05_82.mp4,put-down,1,knife,4,00:04:48.03,00:04:48.61
P01_05_83,P01,P01_05,train_clips/P01_05_83.mp4,take,0,knife,4,00:04:48.46,00:04:49.16
P01_05_84,P01,P01_05,train_clips/P01_05_84.mp4,open,3,drawer,8,00:04:50.15,00:04:51.36
P01_05_85,P01,P01_05,train_clips/P01_05_85.mp4,put-in,5,knife,4,00:04:51.21,00:04:51.98
P01_05_86,P01,P01_05,train_clips/P01_05_86.mp4,close,4,drawer,8,00:04:52.02,00:04:53.06
P01_05_87,P01,P01_05,train_clips/P01_05_87.mp4,take,0,saucepan,5,00:04:53.84,00:04:54.62
P01_05_88,P01,P01_05,train_clips/P01_05_88.mp4,put-on,1,saucepan,5,00:04:54.86,00:04:56.10
P01_05_89,P01,P01_05,train_clips/P01_05_89.mp4,dry,14,hand,11,00:04:56.29,00:04:59.27
P01_05_9,P01,P01_05,train_clips/P01_05_9.mp4,open,3,cupboard,3,00:00:30.03,00:00:31.10
P01_05_90,P01,P01_05,train_clips/P01_05_90.mp4,take,0,cloth,17,00:04:56.85,00:04:58.10
P01_05_91,P01,P01_05,train_clips/P01_05_91.mp4,move,11,board:cutting,18,00:04:59.37,00:05:00.85
P01_05_92,P01,P01_05,train_clips/P01_05_92.mp4,take,0,skin:potato,48,00:05:01.93,00:05:08.05
P01_05_93,P01,P01_05,train_clips/P01_05_93.mp4,open,3,bin,36,00:05:10.13,00:05:11.01
P01_05_94,P01,P01_05,train_clips/P01_05_94.mp4,throw-into,13,skin,48,00:05:11.11,00:05:11.67
P01_05_95,P01,P01_05,train_clips/P01_05_95.mp4,take,0,cloth,17,00:05:13.20,00:05:14.41
P01_05_96,P01,P01_05,train_clips/P01_05_96.mp4,dry,14,hand,11,00:05:14.46,00:05:15.85
P01_05_97,P01,P01_05,train_clips/P01_05_97.mp4,open,3,bin,36,00:05:25.58,00:05:26.48
P01_05_98,P01,P01_05,train_clips/P01_05_98.mp4,close,4,bin,36,00:05:26.87,00:05:28.04
P01_05_99,P01,P01_05,train_clips/P01_05_99.mp4,dry,14,hand,11,00:05:29.56,00:05:35.15
P01_07_0,P01,P01_07,train_clips/P01_07_0.mp4,switch-on,6,light,114,00:00:00.71,00:00:01.49
P01_07_1,P01,P01_07,train_clips/P01_07_1.mp4,adjust,17,light,114,00:00:01.45,00:00:02.73
P01_07_10,P01,P01_07,train_clips/P01_07_10.mp4,unfold,39,cloth:table,17,00:00:32.42,00:00:34.33
P01_07_11,P01,P01_07,train_clips/P01_07_11.mp4,lay-down,1,cloth:table,17,00:00:34.19,00:00:37.71
P01_07_12,P01,P01_07,train_clips/P01_07_12.mp4,take,0,spoon,1,00:00:39.19,00:00:41.43
P01_07_13,P01,P01_07,train_clips/P01_07_13.mp4,put-down,1,spoon,1,00:00:42.56,00:00:43.54
P01_07_14,P01,P01_07,train_clips/P01_07_14.mp4,take,0,board:cutting,18,00:00:44.24,00:00:45.63
P01_07_15,P01,P01_07,train_clips/P01_07_15.mp4,take,0,board:cutting,18,00:00:46.00,00:00:49.28
P01_07_16,P01,P01_07,train_clips/P01_07_16.mp4,open,3,cupboard,3,00:00:49.21,00:00:50.59
P01_07_17,P01,P01_07,train_clips/P01_07_17.mp4,put-into,5,board:cutting,18,00:00:49.52,00:00:55.95
P01_07_18,P01,P01_07,train_clips/P01_07_18.mp4,close,4,cupboard,3,00:00:56.05,00:00:57.11
P01_07_19,P01,P01_07,train_clips/P01_07_19.mp4,take,0,plate,2,00:00:57.47,00:00:58.79
P01_07_2,P01,P01_07,train_clips/P01_07_2.mp4,close,4,door,3,00:00:03.36,00:00:04.90
P01_07_20,P01,P01_07,train_clips/P01_07_20.mp4,open,3,cupboard,3,00:00:59.45,00:01:00.43
P01_07_21,P01,P01_07,train_clips/P01_07_21.mp4,put-into,5,plate,2,00:01:00.64,00:01:03.12
P01_07_22,P01,P01_07,train_clips/P01_07_22.mp4,take,0,cup,13,00:01:03.08,00:01:03.96
P01_07_23,P01,P01_07,train_clips/P01_07_23.mp4,close,4,cupboard,3,00:01:03.95,00:01:04.79
P01_07_24,P01,P01_07,train_clips/P01_07_24.mp4,put-down,1,cup,13,00:01:05.29,00:01:06.30
P01_07_25,P01,P01_07,train_clips/P01_07_25.mp4,take,0,saucepan,5,00:01:07.13,00:01:09.19
P01_07_26,P01,P01_07,train_clips/P01_07_26.mp4,take,0,pan,5,00:01:09.48,00:01:11.02
P01_07_27,P01,P01_07,train_clips/P01_07_27.mp4,open,3,cupboard,3,00:01:11.68,00:01:15.00
P01_07_28,P01,P01_07,train_clips/P01_07_28.mp4,put-into,5,pan:fry,5,00:01:15.44,00:01:16.93
P01_07_29,P01,P01_07,train_clips/P01_07_29.mp4,put-into,5,saucepan,5,00:01:17.55,00:01:20.89
P01_07_3,P01,P01_07,train_clips/P01_07_3.mp4,throw-into,13,bin,36,00:00:08.77,00:00:10.52
P01_07_30,P01,P01_07,train_clips/P01_07_30.mp4,close,4,cupboard,3,00:01:21.01,00:01:23.65
P01_07_31,P01,P01_07,train_clips/P01_07_31.mp4,take,0,colander,39,00:01:24.32,00:01:25.19
P01_07_32,P01,P01_07,train_clips/P01_07_32.mp4,put-into,5,colander,39,00:01:25.55,00:01:28.94
P01_07_33,P01,P01_07,train_clips/P01_07_33.mp4,close,4,cupboard,3,00:01:29.11,00:01:30.37
P01_07_34,P01,P01_07,train_clips/P01_07_34.mp4,close,4,cupboard,3,00:01:29.11,00:01:30.26
P01_07_35,P01,P01_07,train_clips/P01_07_35.mp4,take,0,glass,10,00:01:31.03,00:01:31.87
P01_07_36,P01,P01_07,train_clips/P01_07_36.mp4,open,3,cupboard,3,00:01:32.42,00:01:33.75
P01_07_37,P01,P01_07,train_clips/P01_07_37.mp4,put-into,5,glass,10,00:01:34.05,00:01:36.76
P01_07_38,P01,P01_07,train_clips/P01_07_38.mp4,open,3,fridge,12,00:01:42.29,00:01:43.87
P01_07_39,P01,P01_07,train_clips/P01_07_39.mp4,take,0,milk:soy,64,00:01:43.47,00:01:44.64
P01_07_4,P01,P01_07,train_clips/P01_07_4.mp4,take,0,knife,4,00:00:13.18,00:00:14.77
P01_07_40,P01,P01_07,train_clips/P01_07_40.mp4,close,4,fridge,12,00:01:44.79,00:01:46.04
P01_07_41,P01,P01_07,train_clips/P01_07_41.mp4,shake,15,milk:soy,64,00:01:47.02,00:01:50.68
P01_07_42,P01,P01_07,train_clips/P01_07_42.mp4,open,3,milk:soy,64,00:01:50.61,00:01:52.48
P01_07_43,P01,P01_07,train_clips/P01_07_43.mp4,pour-into,9,milk:soy,64,00:01:52.36,00:01:57.39
P01_07_44,P01,P01_07,train_clips/P01_07_44.mp4,close,4,milk:soy,64,00:01:57.70,00:02:00.98
P01_07_45,P01,P01_07,train_clips/P01_07_45.mp4,open,3,fridge,12,00:02:01.92,00:02:02.71
P01_07_46,P01,P01_07,train_clips/P01_07_46.mp4,put-into,5,milk:soy,64,00:02:02.65,00:02:03.83
P01_07_47,P01,P01_07,train_clips/P01_07_47.mp4,close,4,fridge,12,00:02:03.65,00:02:05.26
P01_07_48,P01,P01_07,train_clips/P01_07_48.mp4,open,3,cupboard,3,00:02:08.26,00:02:09.52
P01_07_49,P01,P01_07,train_clips/P01_07_49.mp4,take,0,cereal,99,00:02:10.58,00:02:12.70
P01_07_5,P01,P01_07,train_clips/P01_07_5.mp4,take,0,tong,142,00:00:14.87,00:00:16.50
P01_07_50,P01,P01_07,train_clips/P01_07_50.mp4,close,4,cupboard,3,00:02:12.80,00:02:14.21
P01_07_51,P01,P01_07,train_clips/P01_07_51.mp4,put-down,1,cereal,99,00:02:15.62,00:02:16.60
P01_07_52,P01,P01_07,train_clips/P01_07_52.mp4,open,3,box:cereal,23,00:02:17.54,00:02:20.16
P01_07_53,P01,P01_07,train_clips/P01_07_53.mp4,take,0,bag:cereal,19,00:02:19.31,00:02:21.17
P01_07_54,P01,P01_07,train_clips/P01_07_54.mp4,unfold,39,bag:cereal,19,00:02:22.35,00:02:23.98
P01_07_55,P01,P01_07,train_clips/P01_07_55.mp4,pour,9,cereal,99,00:02:25.68,00:02:37.39
P01_07_56,P01,P01_07,train_clips/P01_07_56.mp4,put-in,5,bag,19,00:02:37.75,00:02:39.27
P01_07_6,P01,P01_07,train_clips/P01_07_6.mp4,take,0,cutlery,58,00:00:16.60,00:00:19.37
P01_07_7,P01,P01_07,train_clips/P01_07_7.mp4,open,3,drawer,8,00:00:21.04,00:00:22.10
P01_07_8,P01,P01_07,train_clips/P01_07_8.mp4,put-into,5,cutlery,58,00:00:22.12,00:00:28.18
P01_07_9,P01,P01_07,train_clips/P01_07_9.mp4,take,0,cloth:table,17,00:00:28.47,00:00:31.64
P01_08_0,P01,P01_08,train_clips/P01_08_0.mp4,take,0,bar:cereal,265,00:00:00.71,00:00:02.42
P01_08_1,P01,P01_08,train_clips/P01_08_1.mp4,fold,28,bar:cereal,265,00:00:02.52,00:00:05.73
P01_08_10,P01,P01_08,train_clips/P01_08_10.mp4,take,0,liquid:washing:up,22,00:00:30.01,00:00:30.92
P01_08_11,P01,P01_08,train_clips/P01_08_11.mp4,pour,9,liquid:washing:up,22,00:00:31.37,00:00:33.42
P01_08_12,P01,P01_08,train_clips/P01_08_12.mp4,put-down,1,liquid,150,00:00:32.40,00:00:34.23
P01_08_13,P01,P01_08,train_clips/P01_08_13.mp4,turn-on,6,tap,0,00:00:34.33,00:00:36.31
P01_08_14,P01,P01_08,train_clips/P01_08_14.mp4,wash,2,cup,13,00:00:36.41,00:00:45.78
P01_08_15,P01,P01_08,train_clips/P01_08_15.mp4,rinse,2,spoon,1,00:00:44.40,00:00:46.96
P01_08_16,P01,P01_08,train_clips/P01_08_16.mp4,put-into,5,spoon,1,00:00:46.56,00:00:48.08
P01_08_17,P01,P01_08,train_clips/P01_08_17.mp4,rinse,2,cup,13,00:00:48.18,00:00:59.28
P01_08_18,P01,P01_08,train_clips/P01_08_18.mp4,turn-off,8,tap,0,00:00:59.38,00:01:00.10
P01_08_19,P01,P01_08,train_clips/P01_08_19.mp4,put-down,1,cup,13,00:01:00.20,00:01:02.15
P01_08_2,P01,P01_08,train_clips/P01_08_2.mp4,put-into,5,bar:cereal,265,00:00:06.89,00:00:12.73
P01_08_20,P01,P01_08,train_clips/P01_08_20.mp4,dry,14,hand,11,00:01:02.61,00:01:10.11
P01_08_21,P01,P01_08,train_clips/P01_08_21.mp4,hang,41,cloth,17,00:01:08.58,00:01:10.47
P01_08_22,P01,P01_08,train_clips/P01_08_22.mp4,take,0,cloth:table,17,00:01:11.61,00:01:12.81
P01_08_23,P01,P01_08,train_clips/P01_08_23.mp4,fold,28,cloth:table,17,00:01:12.91,00:01:18.41
P01_08_24,P01,P01_08,train_clips/P01_08_24.mp4,put-into,5,cloth:table,17,00:01:19.80,00:01:20.66
P01_08_25,P01,P01_08,train_clips/P01_08_25.mp4,take,0,glass,10,00:01:22.38,00:01:23.00
P01_08_26,P01,P01_08,train_clips/P01_08_26.mp4,take,0,bottle,15,00:01:22.99,00:01:24.34
P01_08_27,P01,P01_08,train_clips/P01_08_27.mp4,pour-into,9,water,27,00:01:24.71,00:01:28.48
P01_08_28,P01,P01_08,train_clips/P01_08_28.mp4,put-down,1,bottle,15,00:01:28.58,00:01:30.39
P01_08_29,P01,P01_08,train_clips/P01_08_29.mp4,drink,60,water,27,00:01:29.46,00:01:31.92
P01_08_3,P01,P01_08,train_clips/P01_08_3.mp4,close,4,box,23,00:00:13.05,00:00:14.92
P01_08_30,P01,P01_08,train_clips/P01_08_30.mp4,close,4,bottle,15,00:01:31.87,00:01:32.76
P01_08_31,P01,P01_08,train_clips/P01_08_31.mp4,put-down,1,glass,10,00:01:36.78,00:01:38.31
P01_08_4,P01,P01_08,train_clips/P01_08_4.mp4,open,3,cupboard,3,00:00:18.41,00:00:19.47
P01_08_5,P01,P01_08,train_clips/P01_08_5.mp4,put-into,5,cereal,99,00:00:20.23,00:00:22.53
P01_08_6,P01,P01_08,train_clips/P01_08_6.mp4,close,4,cupboard,3,00:00:22.62,00:00:23.68
P01_08_7,P01,P01_08,train_clips/P01_08_7.mp4,move,11,floor,159,00:00:24.42,00:00:25.87
P01_08_8,P01,P01_08,train_clips/P01_08_8.mp4,take,0,cup,13,00:00:26.35,00:00:28.83
P01_08_9,P01,P01_08,train_clips/P01_08_9.mp4,put-down,1,cup,13,00:00:28.94,00:00:29.91
P01_102_0,P01,P01_102,train_clips/P01_102_0.mp4,take,0,knife,4,00:00:00.54,00:00:02.23
P01_102_1,P01,P01_102,train_clips/P01_102_1.mp4,move,11,spatula,20,00:00:07.49,00:00:09.05
P01_102_10,P01,P01_102,train_clips/P01_102_10.mp4,take,0,knife,4,00:00:29.66,00:00:30.84
P01_102_100,P01,P01_102,train_clips/P01_102_100.mp4,wipe,2,surface,42,00:03:44.45,00:03:45.00
P01_102_101,P01,P01_102,train_clips/P01_102_101.mp4,move,11,glass,10,00:03:45.61,00:03:46.01
P01_102_102,P01,P01_102,train_clips/P01_102_102.mp4,wipe,2,surface,42,00:03:46.06,00:03:46.56
P01_102_103,P01,P01_102,train_clips/P01_102_103.mp4,wipe,2,surface,42,00:03:46.71,00:03:47.76
P01_102_104,P01,P01_102,train_clips/P01_102_104.mp4,wipe,2,surface,42,00:03:48.21,00:03:49.21
P01_102_105,P01,P01_102,train_clips/P01_102_105.mp4,wipe,2,surface,42,00:03:49.91,00:03:54.30
P01_102_106,P01,P01_102,train_clips/P01_102_106.mp4,move,11,lid,6,00:03:55.22,00:03:55.74
P01_102_107,P01,P01_102,train_clips/P01_102_107.mp4,throw-into,13,dust,54,00:03:56.60,00:03:57.60
P01_102_108,P01,P01_102,train_clips/P01_102_108.mp4,wipe,2,hand,11,00:03:57.80,00:03:58.95
P01_102_109,P01,P01_102,train_clips/P01_102_109.mp4,put-down,1,cloth,17,00:03:59.64,00:04:00.35
P01_102_11,P01,P01_102,train_clips/P01_102_11.mp4,wash,2,knife,4,00:00:30.91,00:00:37.32
P01_102_110,P01,P01_102,train_clips/P01_102_110.mp4,pour,9,liquid:washing:up,22,00:04:00.26,00:04:01.24
P01_102_111,P01,P01_102,train_clips/P01_102_111.mp4,wash,2,hand,11,00:04:01.20,00:04:02.20
P01_102_112,P01,P01_102,train_clips/P01_102_112.mp4,turn-off,8,tap,0,00:04:02.21,00:04:02.81
P01_102_113,P01,P01_102,train_clips/P01_102_113.mp4,rinse,2,hand,11,00:04:02.88,00:04:09.79
P01_102_114,P01,P01_102,train_clips/P01_102_114.mp4,rinse,2,hand,11,00:04:03.55,00:04:09.93
P01_102_115,P01,P01_102,train_clips/P01_102_115.mp4,turn-off,8,tap,0,00:04:10.19,00:04:11.54
P01_102_116,P01,P01_102,train_clips/P01_102_116.mp4,take,0,rag,17,00:04:13.94,00:04:24.75
P01_102_117,P01,P01_102,train_clips/P01_102_117.mp4,dry,14,hand,11,00:04:14.69,00:04:21.46
P01_102_118,P01,P01_102,train_clips/P01_102_118.mp4,dry,14,hand,11,00:04:15.60,00:04:21.60
P01_102_119,P01,P01_102,train_clips/P01_102_119.mp4,put-down,1,rag,17,00:04:21.70,00:04:22.80
P01_102_12,P01,P01_102,train_clips/P01_102_12.mp4,put-down,1,knife,4,00:00:37.38,00:00:37.80
P01_102_120,P01,P01_102,train_clips/P01_102_120.mp4,take,0,lid,6,00:04:23.61,00:04:24.82
P01_102_121,P01,P01_102,train_clips/P01_102_121.mp4,put-onto,1,lid,6,00:04:24.00,00:04:25.30
P01_102_122,P01,P01_102,train_clips/P01_102_122.mp4,close,4,lid,6,00:04:25.30,00:04:29.37
P01_102_123,P01,P01_102,train_clips/P01_102_123.mp4,take,0,container,21,00:04:29.39,00:04:30.69
P01_102_124,P01,P01_102,train_clips/P01_102_124.mp4,open,3,fridge,12,00:04:30.05,00:04:31.49
P01_102_125,P01,P01_102,train_clips/P01_102_125.mp4,put-into,5,container,21,00:04:30.85,00:04:32.10
P01_102_126,P01,P01_102,train_clips/P01_102_126.mp4,close,4,fridge,12,00:04:32.10,00:04:33.05
P01_102_13,P01,P01_102,train_clips/P01_102_13.mp4,take,0,fork,14,00:00:37.56,00:00:38.58
P01_102_14,P01,P01_102,train_clips/P01_102_14.mp4,wash,2,fork,14,00:00:38.54,00:00:41.68
P01_102_15,P01,P01_102,train_clips/P01_102_15.mp4,put-down,1,fork,14,00:00:41.73,00:00:42.16
P01_102_16,P01,P01_102,train_clips/P01_102_16.mp4,take,0,plate,2,00:00:42.26,00:00:43.40
P01_102_17,P01,P01_102,train_clips/P01_102_17.mp4,turn-on,6,tap,0,00:00:43.32,00:00:43.83
P01_102_18,P01,P01_102,train_clips/P01_102_18.mp4,turn-off,8,tap,0,00:00:43.93,00:00:44.71
P01_102_19,P01,P01_102,train_clips/P01_102_19.mp4,wash,2,plate,2,00:00:45.49,00:00:50.92
P01_102_2,P01,P01_102,train_clips/P01_102_2.mp4,open,3,bin,36,00:00:09.66,00:00:10.84
P01_102_20,P01,P01_102,train_clips/P01_102_20.mp4,wash,2,plate,2,00:00:51.41,00:00:54.30
P01_102_21,P01,P01_102,train_clips/P01_102_21.mp4,take,0,knife,4,00:00:54.67,00:00:55.40
P01_102_22,P01,P01_102,train_clips/P01_102_22.mp4,put-down,1,knife,4,00:00:55.14,00:00:55.40
P01_102_23,P01,P01_102,train_clips/P01_102_23.mp4,take,0,colander,39,00:00:55.45,00:00:56.12
P01_102_24,P01,P01_102,train_clips/P01_102_24.mp4,put-down,1,plate,2,00:00:56.09,00:00:56.64
P01_102_25,P01,P01_102,train_clips/P01_102_25.mp4,wash,2,colander,39,00:00:57.76,00:01:05.06
P01_102_26,P01,P01_102,train_clips/P01_102_26.mp4,wash,2,colander,39,00:01:05.24,00:01:08.52
P01_102_27,P01,P01_102,train_clips/P01_102_27.mp4,put-down,1,colander,39,00:01:08.09,00:01:08.64
P01_102_28,P01,P01_102,train_clips/P01_102_28.mp4,turn-on,6,tap,0,00:01:09.22,00:01:10.17
P01_102_29,P01,P01_102,train_clips/P01_102_29.mp4,rinse,2,hand,11,00:01:10.19,00:01:11.12
P01_102_3,P01,P01_102,train_clips/P01_102_3.mp4,take,0,knife,4,00:00:11.09,00:00:11.94
P01_102_30,P01,P01_102,train_clips/P01_102_30.mp4,take,0,spatula,20,00:01:11.22,00:01:11.83
P01_102_31,P01,P01_102,train_clips/P01_102_31.mp4,rinse,2,spatula,20,00:01:12.15,00:01:16.77
P01_102_32,P01,P01_102,train_clips/P01_102_32.mp4,rinse,2,spatula,20,00:01:16.90,00:01:24.32
P01_102_33,P01,P01_102,train_clips/P01_102_33.mp4,put-down,1,spatula,20,00:01:24.49,00:01:25.01
P01_102_34,P01,P01_102,train_clips/P01_102_34.mp4,take,0,fork,14,00:01:25.95,00:01:26.66
P01_102_35,P01,P01_102,train_clips/P01_102_35.mp4,rinse,2,fork,14,00:01:26.22,00:01:28.56
P01_102_36,P01,P01_102,train_clips/P01_102_36.mp4,take,0,knife,4,00:01:30.49,00:01:31.30
P01_102_37,P01,P01_102,train_clips/P01_102_37.mp4,put-down,1,fork,14,00:01:28.74,00:01:29.84
P01_102_38,P01,P01_102,train_clips/P01_102_38.mp4,rinse,2,knife,4,00:01:30.24,00:01:33.49
P01_102_39,P01,P01_102,train_clips/P01_102_39.mp4,put-down,1,knife,4,00:01:33.59,00:01:34.75
P01_102_4,P01,P01_102,train_clips/P01_102_4.mp4,move-into,11,skin:orange,48,00:00:12.00,00:00:13.00
P01_102_40,P01,P01_102,train_clips/P01_102_40.mp4,take,0,colander,39,00:01:34.85,00:01:36.49
P01_102_41,P01,P01_102,train_clips/P01_102_41.mp4,rinse,2,colander,39,00:01:35.74,00:01:46.14
P01_102_42,P01,P01_102,train_clips/P01_102_42.mp4,rinse,2,colander,39,00:01:35.81,00:01:47.07
P01_102_43,P01,P01_102,train_clips/P01_102_43.mp4,turn-off,8,tap,0,00:01:47.42,00:01:48.57
P01_102_44,P01,P01_102,train_clips/P01_102_44.mp4,adjust,17,tap,0,00:01:50.02,00:01:51.07
P01_102_45,P01,P01_102,train_clips/P01_102_45.mp4,take,0,plate,2,00:01:48.84,00:01:50.19
P01_102_46,P01,P01_102,train_clips/P01_102_46.mp4,rinse,2,plate,2,00:01:51.09,00:01:54.49
P01_102_47,P01,P01_102,train_clips/P01_102_47.mp4,adjust,17,tap,0,00:01:48.00,00:01:48.57
P01_102_48,P01,P01_102,train_clips/P01_102_48.mp4,rinse,2,plate,2,00:01:51.13,00:01:52.54
P01_102_49,P01,P01_102,train_clips/P01_102_49.mp4,rinse,2,plate,2,00:01:52.54,00:01:54.09
P01_102_5,P01,P01_102,train_clips/P01_102_5.mp4,put-down,1,plate,2,00:00:13.62,00:00:14.78
P01_102_50,P01,P01_102,train_clips/P01_102_50.mp4,turn-off,8,tap,0,00:01:54.19,00:01:54.94
P01_102_51,P01,P01_102,train_clips/P01_102_51.mp4,put-down,1,plate,2,00:01:56.34,00:01:57.38
P01_102_52,P01,P01_102,train_clips/P01_102_52.mp4,take,0,wok,5,00:01:58.53,00:01:59.34
P01_102_53,P01,P01_102,train_clips/P01_102_53.mp4,pour,9,liquid:washing:up,22,00:02:00.54,00:02:03.79
P01_102_54,P01,P01_102,train_clips/P01_102_54.mp4,take,0,sponge,9,00:02:03.82,00:02:04.17
P01_102_55,P01,P01_102,train_clips/P01_102_55.mp4,put-down,1,wok,5,00:02:04.44,00:02:05.19
P01_102_56,P01,P01_102,train_clips/P01_102_56.mp4,wash,2,wok,5,00:02:04.82,00:02:15.85
P01_102_57,P01,P01_102,train_clips/P01_102_57.mp4,wash,2,wok,5,00:02:07.00,00:02:23.36
P01_102_58,P01,P01_102,train_clips/P01_102_58.mp4,wash,2,wok,5,00:02:22.89,00:02:29.96
P01_102_59,P01,P01_102,train_clips/P01_102_59.mp4,wash,2,wok,5,00:02:30.30,00:02:34.45
P01_102_6,P01,P01_102,train_clips/P01_102_6.mp4,close,4,bin,36,00:00:15.10,00:00:15.63
P01_102_60,P01,P01_102,train_clips/P01_102_60.mp4,put-down,1,wok,5,00:02:34.48,00:02:35.39
P01_102_61,P01,P01_102,train_clips/P01_102_61.mp4,turn-on,6,tap,0,00:02:35.76,00:02:36.50
P01_102_62,P01,P01_102,train_clips/P01_102_62.mp4,rinse,2,hand,11,00:02:36.53,00:02:37.47
P01_102_63,P01,P01_102,train_clips/P01_102_63.mp4,rinse,2,wok,5,00:02:37.55,00:02:41.58
P01_102_64,P01,P01_102,train_clips/P01_102_64.mp4,take,0,sponge,9,00:02:41.57,00:02:42.40
P01_102_65,P01,P01_102,train_clips/P01_102_65.mp4,rinse,2,wok,5,00:02:42.25,00:02:48.86
P01_102_66,P01,P01_102,train_clips/P01_102_66.mp4,rinse,2,wok,5,00:02:48.32,00:02:54.05
P01_102_67,P01,P01_102,train_clips/P01_102_67.mp4,put-down,1,sponge,9,00:02:53.30,00:02:54.25
P01_102_68,P01,P01_102,train_clips/P01_102_68.mp4,empty,20,wok,5,00:02:53.98,00:02:54.75
P01_102_69,P01,P01_102,train_clips/P01_102_69.mp4,rinse,2,wok,5,00:02:54.30,00:03:01.11
P01_102_7,P01,P01_102,train_clips/P01_102_7.mp4,take,0,sponge,9,00:00:16.19,00:00:16.67
P01_102_70,P01,P01_102,train_clips/P01_102_70.mp4,put-down,1,wok,5,00:03:01.90,00:03:04.25
P01_102_71,P01,P01_102,train_clips/P01_102_71.mp4,take,0,cloth,17,00:03:03.10,00:03:03.70
P01_102_72,P01,P01_102,train_clips/P01_102_72.mp4,rinse,2,cloth,17,00:03:03.90,00:03:06.77
P01_102_73,P01,P01_102,train_clips/P01_102_73.mp4,wipe,2,sink,63,00:03:06.90,00:03:09.10
P01_102_74,P01,P01_102,train_clips/P01_102_74.mp4,rinse,2,cloth,17,00:03:09.25,00:03:10.23
P01_102_75,P01,P01_102,train_clips/P01_102_75.mp4,wipe,2,sink,63,00:03:10.30,00:03:14.56
P01_102_76,P01,P01_102,train_clips/P01_102_76.mp4,rinse,2,cloth,17,00:03:16.79,00:03:18.65
P01_102_77,P01,P01_102,train_clips/P01_102_77.mp4,wipe,2,sink,63,00:03:11.00,00:03:12.18
P01_102_78,P01,P01_102,train_clips/P01_102_78.mp4,rinse,2,cloth,17,00:03:12.42,00:03:13.23
P01_102_79,P01,P01_102,train_clips/P01_102_79.mp4,wipe,2,sink,63,00:03:13.05,00:03:13.99
P01_102_8,P01,P01_102,train_clips/P01_102_8.mp4,wash,2,spatula,20,00:00:16.95,00:00:29.36
P01_102_80,P01,P01_102,train_clips/P01_102_80.mp4,take,0,sponge,9,00:03:16.23,00:03:16.73
P01_102_81,P01,P01_102,train_clips/P01_102_81.mp4,rinse,2,sponge,9,00:03:16.74,00:03:18.48
P01_102_82,P01,P01_102,train_clips/P01_102_82.mp4,put-down,1,sponge,9,00:03:18.55,00:03:19.33
P01_102_83,P01,P01_102,train_clips/P01_102_83.mp4,rinse,2,cloth,17,00:03:19.10,00:03:20.49
P01_102_84,P01,P01_102,train_clips/P01_102_84.mp4,adjust,17,tap,0,00:03:20.55,00:03:21.60
P01_102_85,P01,P01_102,train_clips/P01_102_85.mp4,turn-off,8,tap,0,00:03:21.22,00:03:22.06
P01_102_86,P01,P01_102,train_clips/P01_102_86.mp4,wipe,2,surface,42,00:03:23.69,00:03:25.06
P01_102_87,P01,P01_102,train_clips/P01_102_87.mp4,take,0,food,34,00:03:25.05,00:03:26.51
P01_102_88,P01,P01_102,train_clips/P01_102_88.mp4,put-down,1,food,34,00:03:26.92,00:03:27.78
P01_102_89,P01,P01_102,train_clips/P01_102_89.mp4,take,0,fork,14,00:03:28.65,00:03:30.63
P01_102_9,P01,P01_102,train_clips/P01_102_9.mp4,put-down,1,spatula,20,00:00:29.46,00:00:30.18
P01_102_90,P01,P01_102,train_clips/P01_102_90.mp4,put-down,1,fork,14,00:03:30.83,00:03:34.30
P01_102_91,P01,P01_102,train_clips/P01_102_91.mp4,take,0,food,34,00:03:34.24,00:03:36.03
P01_102_92,P01,P01_102,train_clips/P01_102_92.mp4,put-down,1,food,34,00:03:35.87,00:03:36.49
P01_102_93,P01,P01_102,train_clips/P01_102_93.mp4,take,0,holder:pot,24,00:03:36.99,00:03:38.62
P01_102_94,P01,P01_102,train_clips/P01_102_94.mp4,put-down,1,holder:pot,24,00:03:39.06,00:03:39.68
P01_102_95,P01,P01_102,train_clips/P01_102_95.mp4,take,0,cloth,17,00:03:40.75,00:03:41.45
P01_102_96,P01,P01_102,train_clips/P01_102_96.mp4,wipe,2,surface,42,00:03:41.38,00:03:49.24
P01_102_97,P01,P01_102,train_clips/P01_102_97.mp4,move,11,container,21,00:03:41.71,00:03:42.70
P01_102_98,P01,P01_102,train_clips/P01_102_98.mp4,put-down,1,container,21,00:03:42.80,00:03:43.45
P01_102_99,P01,P01_102,train_clips/P01_102_99.mp4,wipe,2,surface,42,00:03:43.55,00:03:44.95
P01_103_0,P01,P01_103,train_clips/P01_103_0.mp4,close,4,door,3,00:00:01.43,00:00:04.83
P01_103_1,P01,P01_103,train_clips/P01_103_1.mp4,pick-up,0,plate,2,00:00:07.34,00:00:08.75
P01_103_10,P01,P01_103,train_clips/P01_103_10.mp4,put-into,5,cupboard,3,00:00:20.71,00:00:21.90
P01_103_11,P01,P01_103,train_clips/P01_103_11.mp4,put-onto,1,pan,5,00:00:21.71,00:00:22.78
P01_103_12,P01,P01_103,train_clips/P01_103_12.mp4,close,4,cupboard,3,00:00:22.82,00:00:24.99
P01_103_13,P01,P01_103,train_clips/P01_103_13.mp4,pick-up,0,board:cutting,18,00:00:25.04,00:00:26.62
P01_103_14,P01,P01_103,train_clips/P01_103_14.mp4,open,3,cupboard,3,00:00:28.10,00:00:29.63
P01_103_15,P01,P01_103,train_clips/P01_103_15.mp4,put,1,board:cutting,18,00:00:29.45,00:00:31.76
P01_103_16,P01,P01_103,train_clips/P01_103_16.mp4,pick-up,0,cup,13,00:00:33.96,00:00:35.21
P01_103_17,P01,P01_103,train_clips/P01_103_17.mp4,put-down,1,cup,13,00:00:35.28,00:00:36.14
P01_103_18,P01,P01_103,train_clips/P01_103_18.mp4,take,0,spatula,20,00:00:36.69,00:00:37.53
P01_103_19,P01,P01_103,train_clips/P01_103_19.mp4,take,0,knife,4,00:00:37.94,00:00:38.53
P01_103_2,P01,P01_103,train_clips/P01_103_2.mp4,open,3,cupboard,3,00:00:09.09,00:00:10.00
P01_103_20,P01,P01_103,train_clips/P01_103_20.mp4,attach-onto,64,knife,4,00:00:38.63,00:00:39.50
P01_103_21,P01,P01_103,train_clips/P01_103_21.mp4,pick-up,0,knife,4,00:00:39.42,00:00:40.58
P01_103_22,P01,P01_103,train_clips/P01_103_22.mp4,attach-onto,64,knife,4,00:00:40.55,00:00:41.59
P01_103_23,P01,P01_103,train_clips/P01_103_23.mp4,pick-up,0,cutlery,58,00:00:42.03,00:00:43.85
P01_103_24,P01,P01_103,train_clips/P01_103_24.mp4,open,3,drawer,8,00:00:44.51,00:00:45.48
P01_103_25,P01,P01_103,train_clips/P01_103_25.mp4,put-into,5,spatula,20,00:00:45.52,00:00:46.70
P01_103_26,P01,P01_103,train_clips/P01_103_26.mp4,move,11,tray:cutlery,35,00:00:46.87,00:00:47.60
P01_103_27,P01,P01_103,train_clips/P01_103_27.mp4,put-down,1,peeler,87,00:00:47.55,00:00:48.57
P01_103_28,P01,P01_103,train_clips/P01_103_28.mp4,put-down,1,knife,4,00:00:48.54,00:00:49.35
P01_103_29,P01,P01_103,train_clips/P01_103_29.mp4,put-down,1,fork,14,00:00:49.36,00:00:50.03
P01_103_3,P01,P01_103,train_clips/P01_103_3.mp4,put-into,5,plate,2,00:00:10.48,00:00:11.95
P01_103_30,P01,P01_103,train_clips/P01_103_30.mp4,close,4,drawer,8,00:00:50.31,00:00:50.89
P01_103_31,P01,P01_103,train_clips/P01_103_31.mp4,move,11,colander,39,00:00:51.81,00:00:52.91
P01_103_32,P01,P01_103,train_clips/P01_103_32.mp4,pick-up,0,cafetiere,50,00:00:53.06,00:00:54.01
P01_103_33,P01,P01_103,train_clips/P01_103_33.mp4,pick-up,0,cafetiere,50,00:00:54.11,00:00:54.86
P01_103_34,P01,P01_103,train_clips/P01_103_34.mp4,put-into,5,cafetiere,50,00:00:54.94,00:00:56.14
P01_103_35,P01,P01_103,train_clips/P01_103_35.mp4,open,3,cupboard,3,00:00:58.59,00:00:59.01
P01_103_36,P01,P01_103,train_clips/P01_103_36.mp4,put-into,5,cafetiere,50,00:00:59.11,00:01:00.51
P01_103_37,P01,P01_103,train_clips/P01_103_37.mp4,close,4,cupboard,3,00:01:00.47,00:01:01.11
P01_103_38,P01,P01_103,train_clips/P01_103_38.mp4,close,4,cupboard,3,00:01:00.72,00:01:03.90
P01_103_39,P01,P01_103,train_clips/P01_103_39.mp4,pick-up,0,spoon,1,00:01:05.98,00:01:07.43
P01_103_4,P01,P01_103,train_clips/P01_103_4.mp4,close,4,cupboard,3,00:00:12.00,00:00:12.83
P01_103_40,P01,P01_103,train_clips/P01_103_40.mp4,put-down,1,spoon,1,00:01:07.26,00:01:07.80
P01_103_41,P01,P01_103,train_clips/P01_103_41.mp4,open,3,cooker:rice,152,00:01:08.64,00:01:09.63
P01_103_42,P01,P01_103,train_clips/P01_103_42.mp4,take,0,cooker:rice,152,00:01:09.82,00:01:11.06
P01_103_43,P01,P01_103,train_clips/P01_103_43.mp4,close,4,cooker:rice,152,00:01:11.05,00:01:12.35
P01_103_44,P01,P01_103,train_clips/P01_103_44.mp4,put-down,1,pot:rice:cooker,29,00:01:12.36,00:01:12.91
P01_103_45,P01,P01_103,train_clips/P01_103_45.mp4,turn-on,6,tap,0,00:01:12.97,00:01:13.99
P01_103_46,P01,P01_103,train_clips/P01_103_46.mp4,rinse,2,pot,29,00:01:14.00,00:01:21.02
P01_103_47,P01,P01_103,train_clips/P01_103_47.mp4,turn-off,8,tap,0,00:01:20.97,00:01:21.71
P01_103_48,P01,P01_103,train_clips/P01_103_48.mp4,pick-up,0,colander,39,00:01:22.25,00:01:23.03
P01_103_49,P01,P01_103,train_clips/P01_103_49.mp4,put-down,1,colander,39,00:01:24.03,00:01:25.05
P01_103_5,P01,P01_103,train_clips/P01_103_5.mp4,pick-up,0,wok,5,00:00:13.01,00:00:14.65
P01_103_50,P01,P01_103,train_clips/P01_103_50.mp4,pick-up,0,cup,13,00:01:26.50,00:01:26.81
P01_103_51,P01,P01_103,train_clips/P01_103_51.mp4,put-down,1,cup,13,00:01:27.29,00:01:27.79
P01_103_52,P01,P01_103,train_clips/P01_103_52.mp4,open,3,cupboard,3,00:01:28.24,00:01:28.90
P01_103_53,P01,P01_103,train_clips/P01_103_53.mp4,pick-up,0,cereal,99,00:01:29.50,00:01:30.39
P01_103_54,P01,P01_103,train_clips/P01_103_54.mp4,close,4,cupboard,3,00:01:30.41,00:01:30.91
P01_103_55,P01,P01_103,train_clips/P01_103_55.mp4,open,3,box:cereal,23,00:01:31.36,00:01:32.71
P01_103_56,P01,P01_103,train_clips/P01_103_56.mp4,put-down,1,cereal,99,00:01:32.16,00:01:32.49
P01_103_57,P01,P01_103,train_clips/P01_103_57.mp4,take,0,bag:cereal,19,00:01:33.22,00:01:34.29
P01_103_58,P01,P01_103,train_clips/P01_103_58.mp4,move,11,box:cereal,23,00:01:33.89,00:01:34.34
P01_103_59,P01,P01_103,train_clips/P01_103_59.mp4,open,3,bag:cereal,19,00:01:34.89,00:01:38.09
P01_103_6,P01,P01_103,train_clips/P01_103_6.mp4,open,3,cupboard,3,00:00:16.17,00:00:17.30
P01_103_60,P01,P01_103,train_clips/P01_103_60.mp4,pour-into,9,cereal,99,00:01:38.48,00:01:47.83
P01_103_61,P01,P01_103,train_clips/P01_103_61.mp4,pick-up,0,nut,133,00:01:48.88,00:01:49.48
P01_103_62,P01,P01_103,train_clips/P01_103_62.mp4,put-down,1,nut,133,00:01:49.49,00:01:49.79
P01_103_63,P01,P01_103,train_clips/P01_103_63.mp4,fold,28,bag:cereal,19,00:01:50.38,00:01:56.97
P01_103_64,P01,P01_103,train_clips/P01_103_64.mp4,put-into,5,bag:cereal,19,00:01:57.01,00:01:58.61
P01_103_65,P01,P01_103,train_clips/P01_103_65.mp4,close,4,box:cereal,23,00:01:59.09,00:02:00.59
P01_103_66,P01,P01_103,train_clips/P01_103_66.mp4,pick-up,0,box:cereal,23,00:02:01.38,00:02:02.14
P01_103_67,P01,P01_103,train_clips/P01_103_67.mp4,open,3,cupboard,3,00:02:02.18,00:02:03.28
P01_103_68,P01,P01_103,train_clips/P01_103_68.mp4,put-into,5,cereal,99,00:02:01.00,00:02:04.59
P01_103_69,P01,P01_103,train_clips/P01_103_69.mp4,close,4,cupboard,3,00:02:04.59,00:02:05.39
P01_103_7,P01,P01_103,train_clips/P01_103_7.mp4,pick-up,0,paper,49,00:00:18.73,00:00:19.37
P01_103_70,P01,P01_103,train_clips/P01_103_70.mp4,open,3,fridge,12,00:02:05.79,00:02:06.84
P01_103_71,P01,P01_103,train_clips/P01_103_71.mp4,pick-up,0,milk:soy,64,00:02:07.24,00:02:07.90
P01_103_72,P01,P01_103,train_clips/P01_103_72.mp4,put-down,1,milk:soy,64,00:02:07.80,00:02:08.80
P01_103_73,P01,P01_103,train_clips/P01_103_73.mp4,pick-up,0,container:food,21,00:02:09.22,00:02:10.17
P01_103_74,P01,P01_103,train_clips/P01_103_74.mp4,close,4,fridge,12,00:02:10.35,00:02:11.25
P01_103_75,P01,P01_103,train_clips/P01_103_75.mp4,put-down,1,container:food,21,00:02:11.27,00:02:12.40
P01_103_76,P01,P01_103,train_clips/P01_103_76.mp4,pick-up,0,milk:soy,64,00:02:12.50,00:02:14.24
P01_103_77,P01,P01_103,train_clips/P01_103_77.mp4,shake,15,milk:soy,64,00:02:13.81,00:02:16.98
P01_103_78,P01,P01_103,train_clips/P01_103_78.mp4,twist-off,71,cap,118,00:02:16.82,00:02:17.90
P01_103_79,P01,P01_103,train_clips/P01_103_79.mp4,pour,9,milk,64,00:02:18.09,00:02:23.05
P01_103_8,P01,P01_103,train_clips/P01_103_8.mp4,put-onto,1,paper,49,00:00:18.12,00:00:19.60
P01_103_80,P01,P01_103,train_clips/P01_103_80.mp4,twist-off,71,cap,118,00:02:23.45,00:02:25.34
P01_103_81,P01,P01_103,train_clips/P01_103_81.mp4,open,3,fridge,12,00:02:25.68,00:02:27.55
P01_103_82,P01,P01_103,train_clips/P01_103_82.mp4,put-into,5,milk:soy,64,00:02:27.20,00:02:28.60
P01_103_83,P01,P01_103,train_clips/P01_103_83.mp4,close,4,fridge,12,00:02:28.40,00:02:29.05
P01_103_84,P01,P01_103,train_clips/P01_103_84.mp4,open,3,drawer,8,00:02:29.90,00:02:30.55
P01_103_85,P01,P01_103,train_clips/P01_103_85.mp4,take,0,towel:tea,52,00:02:30.50,00:02:31.60
P01_103_86,P01,P01_103,train_clips/P01_103_86.mp4,close,4,drawer,8,00:02:31.35,00:02:32.10
P01_103_87,P01,P01_103,train_clips/P01_103_87.mp4,open,3,drawer,8,00:02:32.70,00:02:34.10
P01_103_88,P01,P01_103,train_clips/P01_103_88.mp4,pick-up,0,spoon,1,00:02:32.00,00:02:34.97
P01_103_89,P01,P01_103,train_clips/P01_103_89.mp4,close,4,drawer,8,00:02:35.11,00:02:36.03
P01_103_9,P01,P01_103,train_clips/P01_103_9.mp4,move,11,pan,5,00:00:19.47,00:00:20.84
P01_103_90,P01,P01_103,train_clips/P01_103_90.mp4,put-into,5,spoon,1,00:02:35.87,00:02:36.91
P01_103_91,P01,P01_103,train_clips/P01_103_91.mp4,pick-up,0,cup,13,00:02:36.92,00:02:43.41
P01_103_92,P01,P01_103,train_clips/P01_103_92.mp4,put-down,1,cup,13,00:02:43.47,00:02:45.28
P01_103_93,P01,P01_103,train_clips/P01_103_93.mp4,turn-on,6,light,114,00:02:47.37,00:02:48.44
P01_103_94,P01,P01_103,train_clips/P01_103_94.mp4,unfold,39,towel:tea,52,00:02:48.81,00:02:51.54
P01_103_95,P01,P01_103,train_clips/P01_103_95.mp4,put-down,1,towel:tea,52,00:02:51.92,00:02:53.63
P01_103_96,P01,P01_103,train_clips/P01_103_96.mp4,move,11,towel:tea,52,00:02:53.48,00:02:55.61
P01_103_97,P01,P01_103,train_clips/P01_103_97.mp4,put-down,1,cup,13,00:02:55.27,00:02:56.52
P01_10_0,P01,P01_10,train_clips/P01_10_0.mp4,open,3,oven,46,00:00:01.41,00:00:03.79
P01_10_1,P01,P01_10,train_clips/P01_10_1.mp4,turn-off,8,oven,46,00:00:03.10,00:00:07.52
P01_10_10,P01,P01_10,train_clips/P01_10_10.mp4,put-down,1,holder:pot,24,00:00:32.51,00:00:33.51
P01_10_11,P01,P01_10,train_clips/P01_10_11.mp4,take,0,leaf:basil,62,00:00:33.02,00:00:34.64
P01_10_12,P01,P01_10,train_clips/P01_10_12.mp4,spread-onto,27,basil,201,00:00:34.58,00:00:42.00
P01_10_13,P01,P01_10,train_clips/P01_10_13.mp4,throw-into,13,bin,36,00:00:45.24,00:00:47.26
P01_10_14,P01,P01_10,train_clips/P01_10_14.mp4,take,0,spatula,20,00:00:49.38,00:00:50.56
P01_10_15,P01,P01_10,train_clips/P01_10_15.mp4,cut,7,pizza,91,00:00:52.55,00:01:01.11
P01_10_16,P01,P01_10,train_clips/P01_10_16.mp4,cut,7,pizza,91,00:00:55.17,00:01:12.12
P01_10_17,P01,P01_10,train_clips/P01_10_17.mp4,cut,7,pizza,91,00:01:12.22,00:01:28.07
P01_10_18,P01,P01_10,train_clips/P01_10_18.mp4,move,11,cutlery,58,00:01:32.89,00:01:35.11
P01_10_19,P01,P01_10,train_clips/P01_10_19.mp4,take,0,plate,2,00:01:34.95,00:01:36.24
P01_10_2,P01,P01_10,train_clips/P01_10_2.mp4,take,0,holder:pot,24,00:00:07.12,00:00:08.95
P01_10_20,P01,P01_10,train_clips/P01_10_20.mp4,put-on,1,plate,2,00:01:37.29,00:01:38.74
P01_10_21,P01,P01_10,train_clips/P01_10_21.mp4,take,0,slice:pizza,91,00:01:38.81,00:01:53.34
P01_10_22,P01,P01_10,train_clips/P01_10_22.mp4,put-onto,1,slice:pizza,91,00:01:53.38,00:01:56.35
P01_10_23,P01,P01_10,train_clips/P01_10_23.mp4,take,0,slice:pizza,91,00:01:56.45,00:02:09.40
P01_10_24,P01,P01_10,train_clips/P01_10_24.mp4,put-onto,1,slice:pizza,91,00:02:09.50,00:02:11.97
P01_10_25,P01,P01_10,train_clips/P01_10_25.mp4,put-down,1,plate,2,00:02:14.79,00:02:17.67
P01_10_3,P01,P01_10,train_clips/P01_10_3.mp4,take,0,holder:pot,24,00:00:08.00,00:00:10.25
P01_10_4,P01,P01_10,train_clips/P01_10_4.mp4,put-down,1,holder:pot,24,00:00:09.78,00:00:10.53
P01_10_5,P01,P01_10,train_clips/P01_10_5.mp4,take,0,pizza,91,00:00:10.10,00:00:13.68
P01_10_6,P01,P01_10,train_clips/P01_10_6.mp4,put-down,1,pizza,91,00:00:13.28,00:00:16.43
P01_10_7,P01,P01_10,train_clips/P01_10_7.mp4,take-out,12,pizza,91,00:00:20.58,00:00:26.35
P01_10_8,P01,P01_10,train_clips/P01_10_8.mp4,put-down,1,pizza,91,00:00:27.09,00:00:28.08
P01_10_9,P01,P01_10,train_clips/P01_10_9.mp4,close,4,oven,46,00:00:28.96,00:00:31.87
